account,nonce,credential_creation_date,credential_valid_to_date,credential_count,total_balance,unlocked_balance,locked_balance,baker_id,staked_amount,restake_earnings,baker_lp,baker_bpy
2wwmHv6weaXxaCsppwxETeYisYMWJtm3mDaVEqab9cwyVN6VFp,1,2021-06-01,2026-06-01,1,0.0,0.0,0.0,,,,,
2x1Dj38MskEb66j6nYuHAbfceraY6WtSJrzZsEyPKmZ6r1aTg6,1,2021-06-01,2026-06-01,1,0.0,0.0,0.0,,,,,
2x2FZ4Cytt2cXPL1xxwTewwiCCVTeNBeAH77LuZboUN6qrQWz3,1,2021-06-01,2026-06-01,1,0.0,0.0,0.0,,,,,
2x5D3Pg4fCxfUMnEecSUMrEsLqNe9Xdag471k5FCEvXWoxdDZc,1,2021-06-01,2026-06-01,1,0.0,0.0,0.0,,,,,
2xHF9rGXbHntdHNiN8xTShjzW5hFPvNrd6A9ha3JEV2fQ2qsT9,1,2021-06-01,2026-06-01,1,0.0,0.0,0.0,,,,,
2xKDpRzaqUeSEeo3Bcaq7HRKmRaKRoz2KSY7DSsp9qGZdKfiLM,9,2021-06-01,2026-06-01,1,2500.0,2500.0,0.0,17,2500.0,True,0.0,0.00
2xXxtzr9DYncm3oeb1ibTENhEALaw6L9vWp4yNc4eTdLHUHUTn,1,2021-06-01,2026-06-01,1,0.0,0.0,0.0,,,,,
2xbAPCQzAaDucyynA7dboJg6A3XyboFmg8JB5dXTwUYvTwenpN,1,2021-06-01,2026-06-01,1,0.0,0.0,0.0,,,,,
2xdAV84LweGfhwbALeot4Y7YB2HtqvUJ8b5gT5Tb3rQcAYt7ki,1,2021-06-01,2026-06-01,1,0.0,0.0,0.0,,,,,
2xema2uhGvEGZSb9MTMxip1hqFDvqpQs8EtZFb9kWu9Eb2MHUv,1,2021-06-01,2026-06-01,1,0.0,0.0,0.0,,,,,
2y1MWEc4vxYoJeK6aut3HorbazwmV8pcU5hoMXytUEK6e5Pgfa,1,2021-06-01,2026-06-01,1,0.0,0.0,0.0,,,,,
2yMGpW7fLGPS6BggvWTuo6sfVefudpDjnDFH5sBomHsZzKF5Vs,1,2021-06-01,2026-06-01,1,0.0,0.0,0.0,,,,,
2yXBiz7n3rdB1fwpG3ciCZBS11ZB27xCg8D9FM9aCCFcK2akpa,1,2021-06-01,2026-06-01,1,0.0,0.0,0.0,,,,,
2yjnZqNknjHZF6C9UqTUvnuCfMXRF573q8cU81NyHToYBb4vFF,1,2021-06-01,2026-06-01,1,0.0,0.0,0.0,,,,,
2yygouQ79bCG6L6R4aBLNyfJQYXCmLJoQMHwsdLwoD2USBZFn2,1,2021-06-01,2026-06-01,1,0.0,0.0,0.0,,,,,
2z1s9c7fZa8usYNRu95ZCz5eHW9hVYXWEmxsyzX45fVHy2eMJk,1,2021-06-01,2026-06-01,1,0.0,0.0,0.0,,,,,
2z4CwSxttRRNE4etrUbi66FPQNbfjeWNRNAtjs8fw4DeuG2cmp,1,2021-06-01,2026-06-01,1,0.0,0.0,0.0,,,,,
2zCijc5JkoFXx2zPR27UPMaBAj9oXyAQqisxrg98bYnYp9mt7E,1,2021-06-01,2026-06-01,1,0.0,0.0,0.0,,,,,
319o9VPAnAhhtxmYt7cMikVkoEQwJ7e6kJccX3VxmT17ckPpLK,1,2021-06-01,2026-06-01,1,0.0,0.0,0.0,,,,,
31ENnPZEd8D1mx1c44oouCHynXDqBurJhwfNo5yE47BoAdoS3e,1,2021-06-01,2026-06-01,1,0.0,0.0,0.0,,,,,
31KYbPCRZM7mYi2aJ33oHTTgPuY9gXvyiVkV1RobgmfWn9HmGK,1,2021-06-01,2026-06-01,1,0.0,0.0,0.0,,,,,
31Ldc2njpndcM4SKCTF72AioXAFroEmh4ikzaqjaWSKDJ9cPeN,1,2021-06-01,2026-06-01,1,0.0,0.0,0.0,,,,,
31avyYHHSR57weecMAtoesG92JC2GrY53xoqcoBm4YfU4tnX9W,1,2021-06-01,2026-06-01,1,0.0,0.0,0.0,,,,,
31cxb6bRfSTvKfd7Ssk2dSMRbybf4vGXaSg4P68yKjU6awoucb,1,2021-06-01,2026-06-01,1,0.0,0.0,0.0,,,,,
31tARUpHHPCffNZfWcwdTQHuj73BmoQJjzYrqToNnCW6S7ZeEw,1,2021-06-01,2026-06-01,1,0.0,0.0,0.0,,,,,
32a6ZEzaEMgViqeXdLw5knxkcfDvD7DpgrM52pu61e2GWGqsbD,1,2021-06-01,2026-06-01,1,0.0,0.0,0.0,,,,,
32jTsKCtpGKr56WLweiPJB6jvLoCgFAHvfXtexHeoovJWu2PBD,1,2021-05-01,2026-05-01,3,475580003.0,475580003.0,0.0,,,,,
32yXYNhpHiLrJBQ2M39cFi3LTBKMAG94t3S9jYW4Xx2jyiiKBe,1,2021-06-01,2026-06-01,1,0.0,0.0,0.0,,,,,
33ARkprdCcve8VpWbhdDDpjzwb5sXaxG84NUMisjWLBVyGrCoV,1,2021-06-01,2026-06-01,1,0.0,0.0,0.0,,,,,
33Z2fyYSrgEJ5wr5LXPQwsHJh61n5CP5vCyecgypRGi4MWvnr6,1,2021-06-01,2026-06-01,1,0.0,0.0,0.0,,,,,
33g4V2MLysXfbG7JcySYUDg8gSXBCZhs9B7z43fyMxx8R1XP3F,1,2021-06-01,2026-06-01,1,0.0,0.0,0.0,,,,,
33jdgehzu3RFEMwLRRxyMtPxQgsGX3xzPagEx6L32Jsdphw7ys,1,2021-06-01,2026-06-01,1,0.0,0.0,0.0,,,,,
33s2vwyTzgmMeyk52eiWDn2wmFQKUQB49S87f3hQDswXdHb8xt,1,2021-06-01,2026-06-01,1,0.0,0.0,0.0,,,,,
34ATsNumnDDZGzt86Bd8XtG2smT3ZCwBhdsfj8uBvWeZNRVDzH,1,2021-06-01,2026-06-01,1,0.0,0.0,0.0,,,,,
34DXn8rfeo9QywYwvVDSE6etThyydtw7fmNyHCPbPowNCQQQ9H,1,2021-06-01,2026-06-01,1,0.0,0.0,0.0,,,,,
34JnrdCWp6RgnFiFuiUKHUb5gsUwXNBpMSbrXvmbibNqiAw529,1,2021-06-01,2026-06-01,1,0.0,0.0,0.0,,,,,
34T1otYMGAYsYrq4JFxXANfS3QF19tShFNbWr75zTHv1t3TEpw,1,2021-06-01,2026-06-01,1,0.0,0.0,0.0,,,,,
34d2WrEbCT9HvRwxDs9BDPynBWGXWKvWkAAp7yLwRxoCC693j1,1,2021-06-01,2026-06-01,1,0.0,0.0,0.0,,,,,
34eZC3vnz6hgWDXkh6LeR7dxo8nVWfWLr8r7WKnMtg5U1Ggh9u,1,2021-06-01,2026-06-01,1,0.0,0.0,0.0,,,,,
34tvsdCVbDzeKjwnYb2te47HaQ7Z9fMnfjwujfUbMRZYBLgos6,1,2021-06-01,2026-06-01,1,0.0,0.0,0.0,,,,,
34wH995bsP5j4YQgNCV9UVLa1ERXENjJssvCKdnf5BeP5cYVdP,1,2021-06-01,2026-06-01,1,0.0,0.0,0.0,,,,,
352fpazuGSTXeeRFve7BkDkVzUfBPfT1orJggNnvHk72qRBYV3,1,2021-06-01,2026-06-01,1,0.0,0.0,0.0,,,,,
35XZpzo9WNgaGZEHuD6mAoRQPNKUJdQXR8yNpNkB2kj27CcpR3,1,2021-06-01,2026-06-01,1,0.0,0.0,0.0,,,,,
35bYaULD9zP4tgEL4D2Vd11dN3DYb18A2Vj2sBNo1EPJUbbegE,1,2021-06-01,2026-06-01,1,0.0,0.0,0.0,,,,,
35kCGQwqsh8x3hTViHRLGjBaMFMi8aoJbgL4oTaxfijn5BNyZY,1,2021-06-01,2026-06-01,1,0.0,0.0,0.0,,,,,
35yu3Zn1UXKFrECw1QRDPJnuQL6kUqRuqdBRSg2stFjLPt52YB,1,2021-06-01,2026-06-01,1,0.0,0.0,0.0,,,,,
36TQUVioLyS7Xac9MK2qi6iDbgecWnmxmA7CdQvyW4oBsnCjwj,1,2021-06-01,2026-06-01,1,0.0,0.0,0.0,,,,,
36h8h4Usiu5uoawLyvbVrY7dCWiTdYRiQPmnQ7tFk1rKV627rQ,1,2021-06-01,2026-06-01,1,0.0,0.0,0.0,,,,,
36zSnJwRz19XhstJ7MqZpymJYiEUt8W5AqoBBbRyaDTn4muAoz,1,2021-06-01,2026-06-01,1,0.0,0.0,0.0,,,,,
37MzsaqfLYDx8ZR2fnuwFETfVJayYH7NkVDwVf899BLP3nYh4C,1,2021-06-01,2026-06-01,1,0.0,0.0,0.0,,,,,
37PqRBMvdmAYbDSNo4hnVzaYSGJt6A573nfKwPhdSXg9po2qhS,1,2021-06-01,2026-06-01,1,0.0,0.0,0.0,,,,,
37SHVJkkq1mqbd3fhNMqESVCbxhukzxuQyhkKw9n4Z5mGjRNrf,1,2021-06-01,2026-06-01,1,0.0,0.0,0.0,,,,,
37ehtgesb52AUxfGaMBLAfSnMzHdWSUGN4QgrKaMjnQkDjqjDd,1,2021-06-01,2026-06-01,1,0.0,0.0,0.0,,,,,
37xs7q955F4aFtnR4GgZoiFvbTtAxszC2zK4ZjTzbWQxPf5fKg,1,2021-06-01,2026-06-01,1,0.0,0.0,0.0,,,,,
37yP28tXhpAo6RixQskqM3k2uYYmsuV1r6rcYww4S3i3vwHsFQ,1,2021-06-01,2026-06-01,1,0.0,0.0,0.0,,,,,
384EMGmvkxvq98z5vpQc2kfKNcqiMTbF6KceifDuzna3asL8h2,1,2021-06-01,2026-06-01,1,0.0,0.0,0.0,,,,,
38G25fd1Vcr4b4aR87H23DrWxNUnHNwpDUVR2AJeKNaVRDSCKq,1,2021-06-01,2026-06-01,1,0.0,0.0,0.0,,,,,
38GRsMDUG6bRzp5XPmjQxRvwvs37bWvwr23VJe5fkDtkrPB9hM,1,2021-06-01,2026-06-01,1,0.0,0.0,0.0,,,,,
38QHAAh2t59dMidk8TUFS2B9NibMgpkh1eaLxuqxHusJf3xkGt,1,2021-06-01,2026-06-01,1,0.0,0.0,0.0,,,,,
38T2PSXK6JVqNmoGqzjtnYsyb76uuNYKSpEoA8vPdtmRmpZhAv,3,2021-05-01,2026-05-01,3,13994898.72319,13994898.72319,0.0,,,,,
38V5Lo32T6ppUnA2mdSLzqyTsCYEUQWAPsz5Q8RKPu9DiJUeHX,1,2021-06-01,2026-06-01,1,0.0,0.0,0.0,,,,,
38XGvXFqnEmoPSgv26bWPx7MCSgLdJZDcSC3zYPKwzFSsc1Ryi,1,2021-06-01,2026-06-01,1,0.0,0.0,0.0,,,,,
38ugVUiqn7nQPEsLr5PYBpzoaB9Mrh8iWXA51J8cVCGoXDnjcJ,1,2021-06-01,2026-06-01,1,0.0,0.0,0.0,,,,,
39H9tWq2sR2v9Pu1qs7XhER587RaSm57mCEuje7xVW1Wfy4RkL,1,2021-06-01,2026-06-01,1,0.0,0.0,0.0,,,,,
39U6o683XKo9RYAYrzQYfQA89QUmcixo4yPZot3qxofV6QuhiD,1,2021-06-01,2026-06-01,1,0.0,0.0,0.0,,,,,
3A3iGdndLHEurpQpch6VrwS5YGWxazCUpfQdfZyT3foZd3hpUa,1,2021-06-01,2026-06-01,1,0.0,0.0,0.0,,,,,
3A4ECrQQTdR8UGbupY5w16YYcvyDXLn1sEWUZ7ruh2T88Y5TSC,1,2021-06-01,2026-06-01,1,0.0,0.0,0.0,,,,,
3ACnMRPesXwA4Qf64SMLXfg648oA1LUtWUe1GfNmWSV8bj6VQm,1,2021-06-01,2026-06-01,1,0.0,0.0,0.0,,,,,
3AWer2KyPKknkcnayXCWaqvALaJjycdxUVxBibxTufaySn8CQv,1,2021-06-01,2026-06-01,1,0.0,0.0,0.0,,,,,
3AXptodggm3sMz9qiByhpQNqDHb8dVn3BWtPHh27L5L4srR7FT,1,2021-06-01,2026-06-01,1,0.0,0.0,0.0,,,,,
3AbDCMg1RRqEvAwBpGhgsdtX41fK3fGJt8jG7njZXmBKzD17Y8,1,2021-06-01,2026-06-01,1,0.0,0.0,0.0,,,,,
3AjXBmXEPFf2kEkEUjbqeXjbEh4WNasp2HUpyP2BcBghfD9r2Z,1,2021-06-01,2026-06-01,1,0.0,0.0,0.0,,,,,
3AwvYpkjJWMb6RaXeWnzsypVc3KHhXsUxUnCdHjQjVGmKJNhvs,1,2021-06-01,2026-06-01,1,0.0,0.0,0.0,,,,,
3B9oaEdL2A1uVUwWnhtAYa9a6xGtH5j7CUNtuK7jRLAcAPnQNo,1,2021-06-01,2026-06-01,1,0.0,0.0,0.0,,,,,
3Bd2m1js7XQgt2cqsH27E43JXmCRDdzbWWtGjC3QtUVFRg83ya,1,2021-06-01,2026-06-01,1,0.0,0.0,0.0,,,,,
3BfENMU1Bgsx5dNFvrGttmvwNSQjHZjS5Vhu7hUoF5iyZeQhLJ,1,2021-06-01,2026-06-01,1,0.0,0.0,0.0,,,,,
3BjXtSWfjf2dgFg4gE2tBeTGrqRxoRKxW9HxaEn6UX7jJX1adF,4,2021-06-01,2026-06-01,1,0.0,0.0,0.0,,,,,
3Bk2xZdN6HCanxpZCMaFrPWeXMXakVcYtTYBzL6a32vngkUCL7,1,2021-06-01,2026-06-01,1,0.0,0.0,0.0,,,,,
3C39X3QdQpMMCr6vpVRiMSJFPocUwbn1u8g57bEcy5pZmrov33,1,2021-06-01,2026-06-01,1,0.0,0.0,0.0,,,,,
3CFYd5uJgpFwoAME4BJgp9ci8abcTD2Fup3y8EBT39jJ5ZUTXD,1,2021-06-01,2026-06-01,1,0.0,0.0,0.0,,,,,
3CGLVoJiQBDzh8J2fqTPFSgPqNN3C7vREnnmWQGzs1d8ProMcC,1,2021-06-01,2026-06-01,1,0.0,0.0,0.0,,,,,
3CbvrNVpcHpL7tyT2mhXxQwNWHiPNYEJRgp3CMgEcMyXivms6B,1,2021-05-01,2026-05-01,7,400850429.621797,400850429.621797,0.0,2,400849429.621797,True,0.078004,"246,161.90"
3DCmawcxokFyfyCHuUPa95W6qShTkzRTVguQH6y7w7w6ZT2Tx8,1,2021-06-01,2026-06-01,1,0.0,0.0,0.0,,,,,
3DZsJAQpzMSphA5RtVj5XGE54jn3rpJ1wJHNSHNg7BTfJzG4g6,1,2021-06-01,2026-06-01,1,0.0,0.0,0.0,,,,,
3DjF8PtwDyFCKw15b8haWKEQ5WbhW79PgVMWme6ELDvAa5ebEm,1,2021-06-01,2026-06-01,1,0.0,0.0,0.0,,,,,
3ECDy9yqSppefrias43nm1rntu1tLYFbBL52u8xnPaKQgVwEb6,1,2021-06-01,2026-06-01,1,0.0,0.0,0.0,,,,,
3EKC2sKnUyzNwJVMdK15ZbjxWuxr193iTREBLNqAi19UBKBbfy,1,2021-06-01,2026-06-01,1,0.0,0.0,0.0,,,,,
3EVXQdjcLwKSmVySTCvA4hvPatY26UJJfKKD9qLRB66UsBn23E,1,2021-06-01,2026-06-01,1,0.0,0.0,0.0,,,,,
3EctbG8WaQkTqZb1NTJPAFnqmuhvW62pQbywvqb9VeyqaFZdzN,1,2021-05-01,2026-05-01,7,400867455.481621,400867455.481621,0.0,4,400866455.481621,True,0.07800699999999999,"246,171.37"
3EiZegpZLzPwAYwcXdLhG4ewwQc3mccCbQLBnuCV9xuVjZS4bk,1,2021-06-01,2026-06-01,1,0.0,0.0,0.0,,,,,
3Ev3egPDjcyWVgFMkxdjkzX9a31jzzg3JpZKrRvEQhxvTh4QPL,1,2021-06-01,2026-06-01,1,0.0,0.0,0.0,,,,,
3EvBgMpqy2ZYaWbmR6hZosQsr93f3TfDjG3VSq1YTcmMkU6eHr,1,2021-06-01,2026-06-01,1,0.0,0.0,0.0,,,,,
3FDvWircVfdbmZzhrRn18LFKsppZmQsFGnrN5tXrFoYd2XuD5W,1,2021-06-01,2026-06-01,1,0.0,0.0,0.0,,,,,
3Fb1WW4kHue8r7TH6fuDp1Bw55Ndup1cNN2dEkoFDRg1ryXmaj,1,2021-06-01,2026-06-01,1,0.0,0.0,0.0,,,,,
3Fb6P98932hgan9zvRVJYXWh5DutJ168ygWmrUiqFEgJjPQFAf,1,2021-06-01,2026-06-01,1,0.0,0.0,0.0,,,,,
3Fd3iKdLK2AweXjvyF78cpmiFSZ5HyPu56b1opu5yxVH1UbJJP,1,2021-06-01,2026-06-01,1,0.0,0.0,0.0,,,,,
3FiYi1VjkNww52852CavAQ5AWHixXPHaHitmrrtRC2DCKWofwB,1,2021-06-01,2026-06-01,1,0.0,0.0,0.0,,,,,
3G15uzcWWS3jhzXZ2iCQcrXuFw3DdcHdZccXckG1awGTjikqbN,1,2021-06-01,2026-06-01,1,0.0,0.0,0.0,,,,,
3G47kjPEXKyDW82MuwUi6y6wcY96pRh8PPZn7zPUreK4QEpNkc,1,2021-06-01,2026-06-01,1,0.0,0.0,0.0,,,,,
3G5kPCKr39feVby843Ly4obLXXJLZJD3bKF8wSgKj1aho8oX7k,3,2021-06-01,2026-06-01,1,0.0,0.0,0.0,,,,,
3G6aP1rTLmFJ8wXxneEg5DvkrULg4Uo2WXYQzEgF1K7yksN67i,1,2021-06-01,2026-06-01,1,0.0,0.0,0.0,,,,,
3GDYzriZ9RRnnvhFSsA6CKF1Uc1SsYQpb4kQCQw7cnBVFyY8ME,1,2021-06-01,2026-06-01,1,0.0,0.0,0.0,,,,,
3Go2FyYPLBraAiFqkNJ2JHmz5voXF4DhuLpfXhxh2K3jY1T4xR,1,2021-06-01,2026-06-01,1,0.0,0.0,0.0,,,,,
3Gs4viLqko2PpQCQo3BUQ7RFNBx1NVBoi8ZJBot31QNE7q81io,1,2021-06-01,2026-06-01,1,0.0,0.0,0.0,,,,,
3H61VEm7pzAK7XgAtEfDrU7KykoezrrwSrzQapJ76VcV72JPoX,1,2021-06-01,2026-06-01,1,0.0,0.0,0.0,,,,,
3HEcykahopoaQ9ZrDh2T9e5ZmP6yFK6aJ9dTtZwfNCyDDZFw7G,1,2021-06-01,2026-06-01,1,0.0,0.0,0.0,,,,,
3Hbhap7iJGhW7Qn2xb591NzkgL2sWu4H3W2xFLTd68NziqptGt,1,2021-06-01,2026-06-01,1,0.0,0.0,0.0,,,,,
3HhZwC247kxe291VVyz8R89vdaDkVRZB4Jw9Q3g9tAbSEj28Rx,1,2021-06-01,2026-06-01,1,0.0,0.0,0.0,,,,,
3HtVD6fCFn7AojtAdxgRMYaHFHP2GtRf29EnEz6JF6YVmwSAzy,1,2021-06-01,2026-06-01,1,0.0,0.0,0.0,,,,,
3JKLvcjSfN2ba52fvnPV3aQquiAzhpwJzCXfpSyoNg8fBGs6fx,1,2021-06-01,2026-06-01,1,0.0,0.0,0.0,,,,,
3JU2tzqS5BaeNPDB7pvdnakJxXNUVyw4d69Axq5KfE2qkZ8h5K,1,2021-06-01,2026-06-01,1,0.0,0.0,0.0,,,,,
3JhaAz1JeutFF5EBrdc45efigFMYTtAmMjM6BEyn7gstre7aEu,1,2021-06-01,2026-06-01,1,0.0,0.0,0.0,,,,,
3JuGxPd6TfpTg6mxJ6PSGbqkXmMCYEjPbAYJCimhCSn86Unknf,1,2021-06-01,2026-06-01,1,0.0,0.0,0.0,,,,,
3Jzo9FUzVBKzGYD7r7BDT6vtSumjuyubSj6EawDhWgqKfZKDa9,1,2021-06-01,2026-06-01,1,0.0,0.0,0.0,,,,,
3KVZ3AAA7sCUJbZJRzE71iKv4LZzqTnwK181LgNiQtLu6R6z1t,1,2021-06-01,2026-06-01,1,0.0,0.0,0.0,,,,,
3KZvdY6N7aPhD4gPDiAujcfWf5nSnTVyKPCBN39NxM9Tc5GQse,1,2021-06-01,2026-06-01,1,0.0,0.0,0.0,,,,,
3KfhVQuWNDvSKgecMddFykfPXnE7pbaRdztfMmxWWg1RC9k84t,1,2021-06-01,2026-06-01,1,0.0,0.0,0.0,,,,,
3Kyv3kiQpdYidiWBWbjk38991nX39RoJTzD9bjv9N8gAmU3usm,1,2021-06-01,2026-06-01,1,0.0,0.0,0.0,,,,,
3L9LnTnhj93oPHDBW8FUGmUgMiASdc419qz8VKWkhq6VvbfUMb,1,2021-06-01,2026-06-01,1,0.0,0.0,0.0,,,,,
3LDPEYkHwFXSQicutbL5vGGupGeERQ3UKRAnXgAnzYa611SpwS,1,2021-06-01,2026-06-01,1,0.0,0.0,0.0,,,,,
3LREPeEdRFx43oCRnhC2r4bKr9SGbNhxjMqfN1juoGc6q6Pfrx,1,2021-06-01,2026-06-01,1,0.0,0.0,0.0,,,,,
3LVYeXqZFJUWJNZQNStEbgBXZoZSWNavcfJnmZPABvq5NW3x12,1,2021-06-01,2026-06-01,1,0.0,0.0,0.0,,,,,
3M7x5QmWgfpAtxkmieEPJPjfqt6Mr6BJ4vXwv3bExXFAK56sa4,1,2021-06-01,2026-06-01,1,0.0,0.0,0.0,,,,,
3MWBKYLFxc8UQvxQcA9RjxZAGK2hnedi4ooAapV78dfntiknRM,1,2021-06-01,2026-06-01,1,0.0,0.0,0.0,,,,,
3MY9S6Xbc7Fwn6hh7TW18ToqYuL2aoxYGBGvyH3ikGgt49JBsN,1,2021-06-01,2026-06-01,1,0.0,0.0,0.0,,,,,
3MspgszG3EYDaeM6X83ie4H33uRPsLv2CQpHPVMbrgE2d7Zsk8,1,2021-06-01,2026-06-01,1,0.0,0.0,0.0,,,,,
3Mtm8WK8sTCzG1Lx7imYh99qVyW1voDhHBggY1j9wsUdZsGXbG,1,2021-06-01,2026-06-01,1,0.0,0.0,0.0,,,,,
3Mys8V24r26RCuEJssBbnqquixdGMrKd47W4qSXcuRNkv4FMbc,1,2021-06-01,2026-06-01,1,0.0,0.0,0.0,,,,,
3NLWomr7GyhEFXCzagXfLPSvVQrpUJhaVsC2Z3qsZtpUrLbcmA,1,2021-06-01,2026-06-01,1,0.0,0.0,0.0,,,,,
3NMY2KcG5ZQ7bGApzsMyCcq1cejPCUDzPnTJUa4yvv9dEZ49HR,1,2021-06-01,2026-06-01,1,0.0,0.0,0.0,,,,,
3PHsJy5qsmrfL6S7Ypajb2vjMkZXfE43EH5sPbmgVKDvGcrV2o,1,2021-06-01,2026-06-01,1,0.0,0.0,0.0,,,,,
3PdAZnckTmh6oKycVsSqR6puHgCt6c3L3VgBzF4vMqvgDC7TMo,1,2021-06-01,2026-06-01,1,0.0,0.0,0.0,,,,,
3PzVeQK6Zi9Ze6drz3fsFbKFwra6d6sNm9tLdPj37mtw6XXKQs,1,2021-06-01,2026-06-01,1,0.0,0.0,0.0,,,,,
3QKqFC6VLUoPapv5uWTccgic5ZZRnovntZ2r8DM1JnuBNBG8uy,1,2021-06-01,2026-06-01,1,0.0,0.0,0.0,,,,,
3QMttvnCnx7EHk4Y4A3GxgPWyqvfv6LsWZw5uiE36oNmyPzENm,1,2021-06-01,2026-06-01,1,0.0,0.0,0.0,,,,,
3QZ1FFitzPJqhuVEepVeaMHxJC1uxWGynhHbwdn87qbSSZAfcP,1,2021-06-01,2026-06-01,1,0.0,0.0,0.0,,,,,
3Qc3YAg5faPX5bPZu14y88h3ffoyDwFUyWyasfYZpRDosj8T6J,1,2021-06-01,2026-06-01,1,0.0,0.0,0.0,,,,,
3QeBCFGYghHus9c4qD1n3xotSC9jkKKwnEXh8TqanBnfTb9Zk2,1,2021-06-01,2026-06-01,1,0.0,0.0,0.0,,,,,
3RMqt1W6aLFseeoZjKuM9DPDJFzkJ1NCxkYMT6ezhomzRnYQyK,1,2021-06-01,2026-06-01,1,0.0,0.0,0.0,,,,,
3RszFQr5f5CeZKT64dDHEyPfm9R3QCedokexdw7rLEk96e4vXn,1,2021-06-01,2026-06-01,1,0.0,0.0,0.0,,,,,
3SxgW561fgfijHYJgzqYKBcM76HxDuukPbVLgRerFK13pq45kc,1,2021-06-01,2026-06-01,1,0.0,0.0,0.0,,,,,
3TCuDcstzsgPQc3RQgPbtZHQkZkiURrZRs4oEsSvqBnQpie7EZ,1,2021-06-01,2026-06-01,1,0.0,0.0,0.0,,,,,
3TojP3ySCY5kXBD6aLbduZVmMA9epNvhcUMbK6urz6zk7JDgtv,1,2021-06-01,2026-06-01,1,0.0,0.0,0.0,,,,,
3TuJiMTTKjW9rzihytZ4oPUrB9QcEoAxZMZC9YcvHmh6hCKGVW,1,2021-06-01,2026-06-01,1,0.0,0.0,0.0,,,,,
3U4Y4DWozki9haBQJ6PoRQ2sJxhoj9LfkbymfwKHhRdFqrwGuB,1,2021-06-01,2026-06-01,1,0.0,0.0,0.0,,,,,
3UNkKAeHkEKxWxkKjS13qURMiXhxaWPC1jM3K2JiWDys6q9zdk,1,2021-06-01,2026-06-01,1,0.0,0.0,0.0,,,,,
3UfqWoQ6s1nXG5NGeVtABQwN2Pdh7aj46x7vvZF6iFC4Pw3wQH,1,2021-06-01,2026-06-01,1,0.0,0.0,0.0,,,,,
3Ugzg4STFfMKfKVh9vQLQ55AGKyym7CYGmWYpRx7MU4WRVMj7s,1,2021-06-01,2026-06-01,1,0.0,0.0,0.0,,,,,
3UzrJ3HVANSJViPMzGz5n4SLZ5618REbzk15zq3eVfi5hSrM9M,1,2021-06-01,2026-06-01,1,0.0,0.0,0.0,,,,,
3VCSAN4YQMXs3nQfZFWcLvzW3e1eDJQM2XHbVMpsXLBmP3k8Me,1,2021-06-01,2026-06-01,1,0.0,0.0,0.0,,,,,
3VZPFLmkhM5oBwG861JeWmkW5asYbPTsckeBcYeZGJ3vJ4KaL7,1,2021-06-01,2026-06-01,1,0.0,0.0,0.0,,,,,
3Vizjnedbn9CvCFbjs4DAfyQqctPjbv8NS1YsYd1yUjq5Yf1dN,1,2021-06-01,2026-06-01,1,0.0,0.0,0.0,,,,,
3Vr3AhrWi3AmnbAb7QfbPjXTMinF4HSEQkjGbmWcBZg8VGCx2c,1,2021-06-01,2026-06-01,1,0.0,0.0,0.0,,,,,
3VrzAuDwwSoCnyzzSzzhuehVLaobWzgTqXi9RgHtNqAqtr9Ssp,1,2021-06-01,2026-06-01,1,0.0,0.0,0.0,,,,,
3W1kBCDA7RvNqe3MLhppGoVxGMU1fA7gPj5p54NFfHDWrYd6iZ,1,2021-06-01,2026-06-01,1,0.0,0.0,0.0,,,,,
3WmR9UZK8g2Qj4qiiMfSbLXzUpCXU6TeRiReYhz6gEvBpuaMKE,1,2021-06-01,2026-06-01,1,0.0,0.0,0.0,,,,,
3XJSAF4fH6csesscLPYW9gQQbS7Fv9zVeeC1hwo8kkwRXwi8iX,1,2021-06-01,2026-06-01,1,0.0,0.0,0.0,,,,,
3XSLuJcXg6xEua6iBPnWacc3iWh93yEDMCqX8FbE3RDSbEnT9P,1,2021-05-01,2026-05-01,7,1533275367.932774,1533275367.932774,0.0,7,1533274367.932774,True,0.298368,"941,577.80"
3XXExXrz6zN8r7ycz9qT7gxjKAEtR8jtct32iK2Ag2CtmGMCu2,1,2021-06-01,2026-06-01,1,0.0,0.0,0.0,,,,,
3Xo4cH6kjHgf9mvWBrzEAprzr4z74wQMK8mRj7jqawg49TUU6P,1,2021-06-01,2026-06-01,1,0.0,0.0,0.0,,,,,
3YVdsgcq84uEkYNvG4kA87ge1Qsvef37eGJwJ78Gtg1k5Jn5eo,1,2021-06-01,2026-06-01,1,0.0,0.0,0.0,,,,,
3YXKWHt5WPMyBQz5gTvQ8ng2AAXv8cbeYen7sXKMYWVK9UmMq9,1,2021-06-01,2026-06-01,1,0.0,0.0,0.0,,,,,
3YhFFBH7Jvfh332q1vPRrfbQDhYRMRy9sfhLGohxGqfcbJNzBa,1,2021-06-01,2026-06-01,1,0.0,0.0,0.0,,,,,
3ZQC7hNBKmrwAtTr1ipcT48iXydtRF6a7RCrHN2ZBJBM7KMKef,2,2021-06-01,2026-06-01,1,0.0,0.0,0.0,,,,,
3ZWCLq92M2SNeghELN6NxLonbstxPX5JmU1KyLJwfjbVLj8NPC,1,2021-06-01,2026-06-01,1,0.0,0.0,0.0,,,,,
3ZYnT4toKJC1ohq7TSNYDfHETSHy9xca5iVoVU836Gdi14enWr,1,2021-06-01,2026-06-01,1,0.0,0.0,0.0,,,,,
3Zuk3ha7vXaUqPyGrHoYqud7NWMrxHuS45LuGRe6fAbYH5VKjj,1,2021-06-01,2026-06-01,1,0.0,0.0,0.0,,,,,
3aKcp1TyfxVbby1fdwEkMBvUwsiARX9CkWyGeuR5Xay57D6pVC,1,2021-06-01,2026-06-01,1,0.0,0.0,0.0,,,,,
3aKwKhjh6Cordw3rKFBjFDajnAde2TWi2Q5aGj98YovPLV2DeT,1,2021-06-01,2026-06-01,1,0.0,0.0,0.0,,,,,
3aZbBHRqtue1CNC1UxRgDZ8bATc3a7JiSwSxu2cFqc5DWayVLp,1,2021-06-01,2026-06-01,1,0.0,0.0,0.0,,,,,
3aZfR2d1NzxaskYSTdUDtXVbLd3G1BiP4dCqW29JhDPSPkYHeC,1,2021-06-01,2026-06-01,1,0.0,0.0,0.0,,,,,
3acaNgArG42mu86VRQpbUeMU8oAcDsRD4Xh6bBifYwS5mcuayR,1,2021-06-01,2026-06-01,1,0.0,0.0,0.0,,,,,
3bSvtzSwX3vySZ4gxqbrDBEY5Bq3Kr467etEbbrbmvtvAcss1R,1,2021-06-01,2026-06-01,1,0.0,0.0,0.0,,,,,
3bmz2NgDJPDtT8aswS9rXMQmZfRwqZ7YqqxaRQ2ijLEYf32Qmz,1,2021-06-01,2026-06-01,1,0.0,0.0,0.0,,,,,
3bpJ2nTb6tqjigKsgCGZFhzpBs8JPc3xJxt2a1ocy7XDQ2et9n,1,2021-06-01,2026-06-01,1,0.0,0.0,0.0,,,,,
3bs7okrLDAZPf9HPMZsMpPFF6xJ8WQHBCgU1dLHDMVsXveZ11w,1,2021-06-01,2026-06-01,1,0.0,0.0,0.0,,,,,
3cCUxJQJJ7Z6YfyUcSCDFAS5LLg2iuJ65VLKPatyVgDK9iKjmC,1,2021-06-01,2026-06-01,1,0.0,0.0,0.0,,,,,
3cffPwJuxUFh23MNSCSRaSVDw9hVeus18tAtJ7oJMJLReYpdWE,1,2021-06-01,2026-06-01,1,0.0,0.0,0.0,,,,,
3cw5k2yd3wXtMQPGmZBfGC47EtfxDNfpRNK9tj5Z4y7wtfCA59,1,2021-06-01,2026-06-01,1,0.0,0.0,0.0,,,,,
3dy23STRcgLEhny75KgQRsiU9RqTroxUvEem3etRUdpNqAbL6x,1,2021-06-01,2026-06-01,1,0.0,0.0,0.0,,,,,
3eKUnNEpCS41hCRgEFdBeZicEBrVSPjxRJL57ekvbSL92UJTER,1,2021-06-01,2026-06-01,1,0.0,0.0,0.0,,,,,
3eUA4NnWufEqTBXR2QtTwjPxHZRGZvoqHaVjybmzZSqbuG32vJ,1,2021-05-01,2026-05-01,3,651414726.840983,651414726.840983,0.0,9,651413726.840983,True,0.12676199999999999,"400,030.45"
3eeNNKkaBRk5oF1aMdj3hPgb3cLHbVK9v6XFYAVa2vZbH6jkuu,1,2021-06-01,2026-06-01,1,0.0,0.0,0.0,,,,,
3efVhGLnTE8FdnbX6PV6qya7n5dA9RtWypj8PNEhG84UTR9n5k,1,2021-06-01,2026-06-01,1,0.0,0.0,0.0,,,,,
3eidXRm1V7WxHXz6D4U9n47Lhwv2NWxDEfYY72DestdaEEU8LM,1,2021-06-01,2026-06-01,1,0.0,0.0,0.0,,,,,
3en19uZ1vRoewM8gMpquQCNKfwNiS7BNjaSwrXHScX3XTqGHV2,1,2021-06-01,2026-06-01,1,0.0,0.0,0.0,,,,,
3fDRmMQxTmEMG41jmbMkwxgWq6ULwy85iwVub6Tritr1KHe2nc,1,2021-06-01,2026-06-01,1,0.0,0.0,0.0,,,,,
3fa7gADdukT71NgbxUfiYjoHJagwSerRi84xM8713FBdvLqQfd,1,2021-06-01,2026-06-01,1,0.0,0.0,0.0,,,,,
3fajUU6ETWTXk41gFpZknEcBs7Q55y21kmJWGNubX4E4sKuB57,1,2021-06-01,2026-06-01,1,0.0,0.0,0.0,,,,,
3ffkGhc7D3NmBqcMHiWARztjFLcbzUtMsgQKKPCTL6a5WmvpSj,1,2021-06-01,2026-06-01,1,0.0,0.0,0.0,,,,,
3fsTAWQs3RXhj6b9EkjBxavKsgJsJjz7wj9VNq3Ew1gfPj5zD7,1,2021-06-01,2026-06-01,1,0.0,0.0,0.0,,,,,
3g9YfXJVqGXswJPaJbHTAjz6SCw1iMTDw8Qn6YnNqCHF9iC7yu,1,2021-06-01,2026-06-01,1,0.0,0.0,0.0,,,,,
3gE7WLfgotuWdN154Bp1YfQULgzbTjqTpAQtqvvmtrZtz61fPr,1,2021-06-01,2026-06-01,1,0.0,0.0,0.0,,,,,
3gef2dAVjhbZp6YnVKHPr4pza4Qp9nVNdv2vSXi5cc9Z5GVBTz,1,2021-06-01,2026-06-01,1,0.0,0.0,0.0,,,,,
3h6UhcgsEMU9ZUMtjKivBjGiQCNxNv6yFXwcj3L8JyvUD5W986,1,2021-06-01,2026-06-01,1,0.0,0.0,0.0,,,,,
3hCuFaJgNyME1hY4knyC98NWqnDuPZt6GHL6npJuTzy9cym88q,1,2021-06-01,2026-06-01,1,0.0,0.0,0.0,,,,,
3hDkrCo94T4gedjWYdTADCRw66WebPkhDdkjkwzG22S8dekQ55,1,2021-06-01,2026-06-01,1,0.0,0.0,0.0,,,,,
3hHL3TfJMVXdrZqe2gRddAHeW7WPNTgcMqwZhww3dYXNAgZchq,1,2021-06-01,2026-06-01,1,0.0,0.0,0.0,,,,,
3hVaq4maWEF5HWc8qGnEPAL37cqNKdChRKhNjQqt2i9Ug9jg4B,1,2021-06-01,2026-06-01,1,0.0,0.0,0.0,,,,,
3hZvTqMapKyL6u14UqpevnBdzgH5AKcdDDitma2LkMVVaDSabW,1,2021-06-01,2026-06-01,1,0.0,0.0,0.0,,,,,
3hbHqpb5X8wcL9j6ZWF9JXeW18r3jaTk9e1sMcK3hQUGeFAhQV,1,2021-06-01,2026-06-01,1,0.0,0.0,0.0,,,,,
3hbj3RZGqNKwx4qsUv2gRgEe95ec7dpuujFud95bpDfSAScCfT,1,2021-06-01,2026-06-01,1,0.0,0.0,0.0,,,,,
3hdfSrB2VnFH6bZ7LEKJ2dsfV6BZYVCMuXSCNB5H3XkgkZWuh3,1,2021-06-01,2026-06-01,1,0.0,0.0,0.0,,,,,
3hrpMJjacfDyk4UK3731iWco8aNYRCCqpMAJTCKiFWkyRxFFEK,1,2021-06-01,2026-06-01,1,0.0,0.0,0.0,,,,,
3i7WUDpBJ6FB8nfkE58rjZiYvNdRWZATPp7gYee6HuwYZB498o,1,2021-06-01,2026-06-01,1,0.0,0.0,0.0,,,,,
3iHXe29rs7951H7oi8u4W1esWn1ADPAWWR8YbLJiyyhPm7kBCa,1,2021-06-01,2026-06-01,1,0.0,0.0,0.0,,,,,
3iJme8zBrsvLGavNw4uFZFcPUEZ55xiAeMcCjnZ68NnFVX4JgS,1,2021-06-01,2026-06-01,1,0.0,0.0,0.0,,,,,
3iXR2QUPfERuz1gimKqCqecNge6ydo8ZrxJQBkj5FRjyTQCyAC,1,2021-06-01,2026-06-01,1,0.0,0.0,0.0,,,,,
3ieGt8c6WFnGy2gXTmbvVogp1pdz6HcqkBGXepNpxCorzc8FGT,1,2021-06-01,2026-06-01,1,0.0,0.0,0.0,,,,,
3igVodD2hphSPRPys6BZVa9nKZBhAE38z75uVFHwkSuXiw2Y6c,1,2021-06-01,2026-06-01,1,0.0,0.0,0.0,,,,,
3ikCUfkT5239yviS5vdDyN24BL87feadnwTh1uToKvkLMb31sD,1,2021-06-01,2026-06-01,1,0.0,0.0,0.0,,,,,
3jCJQCwAvBdtUMjW2p1vbkkKz3WEZ7FmB9BGp87WFqKvFN6EBv,1,2021-06-01,2026-06-01,1,0.0,0.0,0.0,,,,,
3jNddrHvcmo37i8jTfqKufM5kHjjvMmg13GgUMPVN2MpNzKiQZ,1,2021-06-01,2026-06-01,1,0.0,0.0,0.0,,,,,
3k8MTJFnHUnP3VgECEMLYeyExpu5h3W4YAa4wq75iTqM2C6GKb,1,2021-06-01,2026-06-01,1,0.0,0.0,0.0,,,,,
3kJBiY5drYzJaBPxcJRpHfxPRbSBC4nEUzaLjnWkKszhQQmeYU,1,2021-06-01,2026-06-01,1,0.0,0.0,0.0,,,,,
3kiasAkZyLbCGKbiGXQ8qGc3TWSx9GoUJDnWEK4rEZMLkVBALn,1,2021-06-01,2026-06-01,1,0.0,0.0,0.0,,,,,
3mGDa6mnN96hgYn62m3BfjXB3Juk4UnmPDEpEGGQAsuTf9AVij,1,2021-06-01,2026-06-01,1,0.0,0.0,0.0,,,,,
3mMG6DYpQv4Ffk2bRYiZCiK7jci4GNfAXz6nyZyy6QfY5SdU7A,1,2021-06-01,2026-06-01,1,0.0,0.0,0.0,,,,,
3mZLPD1u7pe6FRv4KzzJk1MjHbM74agNgJKtJDvvigoNyz2DBJ,1,2021-06-01,2026-06-01,1,0.0,0.0,0.0,,,,,
3mZrocLkFY1DrQLHzUuEqPXkBd8RNNQK2gTQ4JWh2P932F8qH2,1,2021-06-01,2026-06-01,1,0.0,0.0,0.0,,,,,
3mbj3CpyY8faVrjXC6ToPvfWHky1XMf26ovWVNpKUH4B873EZv,1,2021-06-01,2026-06-01,1,0.0,0.0,0.0,,,,,
3mdZZmkawtAcogic7EXQjurbJit47aouY2gNxb12G4MNQthURa,1,2021-06-01,2026-06-01,1,0.0,0.0,0.0,,,,,
3mdwwVWLQSuRiX6hkpDxz29XZ3tEE73KkSzbE1LVQjtiCTcAHU,1,2021-06-01,2026-06-01,1,0.0,0.0,0.0,,,,,
3me8FezaNRA9BDzhPJxAZDwQeAVJEK27JL7Z2fLeugVD2rmRFj,1,2021-06-01,2026-06-01,1,0.0,0.0,0.0,,,,,
3mf3mKHuf2Bt9LPpHzrehh4yRwq7yY2C97gLmSwZt1X2fqS5KQ,1,2021-06-01,2026-06-01,1,0.0,0.0,0.0,,,,,
3mwY1mKfoBHAESQQyEKNgtanZ9i6XhdTegvLZotsWF2setB12u,1,2021-06-01,2026-06-01,1,0.0,0.0,0.0,,,,,
3mzkgbCQTQUxEWZymp5a9XXXDAa1MbcdV83rWKbjidQhXBZp46,1,2021-06-01,2026-06-01,1,0.0,0.0,0.0,,,,,
3n6kiufrNDYaFgqaGAyLZitRwQqyxnWQybruygc3Cx8WUpEGk6,1,2021-06-01,2026-06-01,1,0.0,0.0,0.0,,,,,
3nNhEkyBCva7FTrSMs1VvmSbUNYbQozxp5T29eMnY8EVAkgmDm,1,2021-06-01,2026-06-01,1,0.0,0.0,0.0,,,,,
3nTTCNtuNCRj5BSMT3EjR3P943vooiSnfKfjc4XGJpojdy6C9V,1,2021-06-01,2026-06-01,1,0.0,0.0,0.0,,,,,
3nhGpEq1UNjpncHA6ZUkZzgNxXMfZRKTDJmsWXm4TH3aTBZb4j,1,2021-06-01,2026-06-01,1,0.0,0.0,0.0,,,,,
3nkHB6cFb6AU2iBSyDeZCAbKyW9vfKE2d4nFDNUbC58rmT5LJY,1,2021-06-01,2026-06-01,1,0.0,0.0,0.0,,,,,
3oFhnJfiaXkU2Q83A7h6EV9riWCXE7kP4dRtuRfVkXTDq3EjoD,1,2021-06-01,2026-06-01,1,0.0,0.0,0.0,,,,,
3ofwYFAkgV59BsHqzmiWyRmmKRB5ZzrPfbmx5nup24cE53jNX5,1,2021-05-01,2026-05-01,7,400875925.815426,400875925.815426,0.0,5,400874925.815426,True,0.07800900000000001,"246,177.68"
3pUMeHN59urdXw2FkjJCeufeJ71ELXYR5xDp5PnrL7FpQUA3Ne,1,2021-06-01,2026-06-01,1,0.0,0.0,0.0,,,,,
3pXHeDVKjJ5prbfbBqzZ3DRZG95V4iW2ELzU9iPvW6cCRb8gAn,1,2021-06-01,2026-06-01,1,0.0,0.0,0.0,,,,,
3pbk1SS8Aw4QmDNfBeAnETarqBtH8UZSBcn77VYa8wqrPiq8b3,1,2021-06-01,2026-06-01,1,0.0,0.0,0.0,,,,,
3pgzizvgegfb2nQj7yMxWCFTh3BBYYBG7WfvF6LYaz9ecH8HLd,1,2021-06-01,2026-06-01,1,0.0,0.0,0.0,,,,,
3q12CQqD4SEEBm5NyJuvne5oechxU4ffx6UV3CEWokBYikBkUh,1,2021-06-01,2026-06-01,1,0.0,0.0,0.0,,,,,
3qA4i7sn7s8VF8qAgLbuLVTAcPqB5x1TTJRMhVZhpRp1ERXgjH,1,2021-06-01,2026-06-01,1,0.0,0.0,0.0,,,,,
3qMAw1SX6RJ2GCRpM3YCyYimKvmf7e4nLmsn7csHug2mfse4JB,1,2021-06-01,2026-06-01,1,0.0,0.0,0.0,,,,,
3qXuV3oHXwkRdmWgygPvQ1DgtktMxRAkzSW8cZ6dRFDZ26YVo7,1,2021-06-01,2026-06-01,1,0.0,0.0,0.0,,,,,
3qnQ37iwK6aTj5MdLxsYN8dDK4rWNT9476LHYo7YTNg1C65Dda,1,2021-06-01,2026-06-01,1,0.0,0.0,0.0,,,,,
3rAcy5zYaiADdBNQMQG7HbCo2CLcUofQoT1x9X2sBYhW6YXFxd,1,2021-06-01,2026-06-01,1,0.0,0.0,0.0,,,,,
3rLU5aRthTmzbpqZ775cmRjBkEtfyMU7j2x9MxWtUYidLH867j,1,2021-06-01,2026-06-01,1,0.0,0.0,0.0,,,,,
3rdvuvQ6gz5LJW7VBGmFoT1xvhNraibKxMidPE7HdpCNgv39u7,1,2021-06-01,2026-06-01,1,0.0,0.0,0.0,,,,,
3rmWxWfBt3RsZvLpAahvYf6o5dffHFWopKrpgHS1bKqdZGTsdi,1,2021-06-01,2026-06-01,1,0.0,0.0,0.0,,,,,
3sAtXAcBLKA1GH7LJq5puc5VdJAbBeX9KMcSR6XcxQHWwLQ8yr,1,2021-06-01,2026-06-01,1,0.0,0.0,0.0,,,,,
3sG334FeWVPscwUsUtmfSfauCqVFFbH14NSn5JaAvqk5s91SCe,1,2021-06-01,2026-06-01,1,0.0,0.0,0.0,,,,,
3sHsnFvcbjZdNs1epzXa4bH8ArDhSbr4oAZG3Wp9zJaQzXv1bg,1,2021-06-01,2026-06-01,1,0.0,0.0,0.0,,,,,
3sYQbYTgXihZddN8M8JG41KN3duUfaVxS29YRfhjrU9mquztTj,1,2021-06-01,2026-06-01,1,0.0,0.0,0.0,,,,,
3sgfo2PLYyocsSUphDBnYTUBQqZQyg9S9TbFBAshi7x8M2onHv,1,2021-06-01,2026-06-01,1,0.0,0.0,0.0,,,,,
3sndHzDGareadeZPg5q1LgrAJgMx7p51GHAr9z5MyQ4r48H3ji,1,2021-06-01,2026-06-01,1,0.0,0.0,0.0,,,,,
3ss88d7gYkbKNQZEnLbCTTfunPk4w7BTwd8cGvUbhzzUDubj9t,1,2021-06-01,2026-06-01,1,0.0,0.0,0.0,,,,,
3tKQvceTM1awkvEWR9pW36KoCqfuELF4bogqSey7Au8WwoAC9F,1,2021-06-01,2026-06-01,1,0.0,0.0,0.0,,,,,
3te3GD1pJfU45owUMfk1Mi62kMioqE77qVSAf7ia95P8UiDTvq,1,2021-06-01,2026-06-01,1,0.0,0.0,0.0,,,,,
3u1u6Utj73k4HMecXKSfVzfPjx5sxE92hsiXPZedwLeJzDkBqj,1,2021-06-01,2026-06-01,1,0.0,0.0,0.0,,,,,
3uAD6aEzk3VbT9NRPbdo1QZiHS7x76EnDQvS9yULfguaxFD4Cz,1,2021-06-01,2026-06-01,1,0.0,0.0,0.0,,,,,
3uJUxEfAc68boao9XVuDXG7n8iwRXzGqGj4rWtjo3Sw5BgyZ7p,1,2021-06-01,2026-06-01,1,0.0,0.0,0.0,,,,,
3uaVq2F5bZPe9xp343yguNxT65JgfpvT6SV26WoJvXq2pEBwvb,1,2021-06-01,2026-06-01,1,0.0,0.0,0.0,,,,,
3ueXyDBrk8RVPxxakNK8QfbWVJohnZBbfLo77cFQkE7vJgtbaf,1,2021-06-01,2026-06-01,1,0.0,0.0,0.0,,,,,
3uqhKZ1dXCR8kudfWZXZARimprBhY4bbhDAvWYZ7s1Qtnv5jRv,1,2021-06-01,2026-06-01,1,0.0,0.0,0.0,,,,,
3v5KgN9E7p3k5gWFerToJ6KtjzQ7uz872zmBnYLmVowfcPhyxb,1,2021-06-01,2026-06-01,1,0.0,0.0,0.0,,,,,
3vayicDdMCUG1Vgg3Bfp54MyFRC76DJNSUZN76h4U2YqMTPKaF,1,2021-06-01,2026-06-01,1,0.0,0.0,0.0,,,,,
3vjSc39SocvxwYr8DHvHA62gTzSKEgA5TbecmbgmGk7ewuLuAJ,1,2021-06-01,2026-06-01,1,0.0,0.0,0.0,,,,,
3vqUwFaygdRPhhgGg39uKvYNEniUAUZDh92hx8oJbZGdbCJE9q,1,2021-06-01,2026-06-01,1,0.0,0.0,0.0,,,,,
3wb2tCjZmVuzrFD9nvbJbVvkBGHGAUcDdQPoBJzgHZLpiTEv4s,1,2021-06-01,2026-06-01,1,0.0,0.0,0.0,,,,,
3wdkVjFdRr6PJKzorxJxyM3cdwqcDVTKvXDhvf2DvE6qTkSxQ6,1,2021-06-01,2026-06-01,1,0.0,0.0,0.0,,,,,
3wxwKbVMNj6ER4CnFteedrJxqSYgdnV6KEvvjXaBaCSYVDNfEL,1,2021-06-01,2026-06-01,1,0.0,0.0,0.0,,,,,
3xBLkpNSTdhJYR56DRjhE3qUdCP7GRKnSNZbHuH2qfRTAT4EHM,1,2021-06-01,2026-06-01,1,0.0,0.0,0.0,,,,,
3xDj2xsfrYYxMqiKHi3nPmPR1VAQqaFaqK3pqKRxnyfCKxnrrR,1,2021-06-01,2026-06-01,1,0.0,0.0,0.0,,,,,
3xR6FKrXt35Vn3bBbQNVEFaTZinwWfEcFayhVWFpH4KkXBtVGP,1,2021-06-01,2026-06-01,1,0.0,0.0,0.0,,,,,
3xWp2Mz3mDMnH9FKp3u4EVXnRB7eY6QnNajRxyEX2iUJtqpawP,1,2021-06-01,2026-06-01,1,0.0,0.0,0.0,,,,,
3xnbxurNyaXCJH27NEPoMuei8LVnQoZNN2fiv6Nm4MQMnsKonu,1,2021-06-01,2026-06-01,1,0.0,0.0,0.0,,,,,
3xsd2mjGYLPZbDRrbpacKd2FbXpEa1o8sNusmBFTzTb8tBmPf5,1,2021-06-01,2026-06-01,1,0.0,0.0,0.0,,,,,
3yFHtBBU8VpetTkuE6DV7yKgTmMGuqc5Rz32W8ehX4bbbxyw4k,1,2021-06-01,2026-06-01,1,0.0,0.0,0.0,,,,,
3yXFHWFrQC9J4VHo8r5tvzk1fUexRHsLFm5YnkzLbpMGj5xGmp,1,2021-06-01,2026-06-01,1,0.0,0.0,0.0,,,,,
3ydXQEWtYcNSXwm9twKGV8WWopmAjgnWxo9ykCzzaAxNXDubLU,1,2021-06-01,2026-06-01,1,0.0,0.0,0.0,,,,,
3yhsVb1gkDNr1souvty573pqDLk9vybCWpG4bLoHJL7X9wtEEp,1,2021-06-01,2026-06-01,1,0.0,0.0,0.0,,,,,
3z8zzqYXMcnzyrGkfqfJrVyKkYmHsE6iBtBqf89ffNdjvSz82H,1,2021-06-01,2026-06-01,1,0.0,0.0,0.0,,,,,
3zQ2zsH8Fsh1kZiQkptHbYLUrZDMZTtuBRQZnUfTq2TxA9to1i,1,2021-06-01,2026-06-01,1,0.0,0.0,0.0,,,,,
3zQv2Gd7RpVN5iuMcnaJgH3ZfVREprDRZqKfVDPutr7xQm16c7,1,2021-06-01,2026-06-01,1,0.0,0.0,0.0,,,,,
3zaqd8BTfPbfwzByCohREnMdbxyuSRFFxRDskdjEaJbTNhf2MG,1,2021-06-01,2026-06-01,1,0.0,0.0,0.0,,,,,
3zxfWg82kkf9JDR36DYtFmuM6meMgUpaLbhqtvqZP8fjSgM6kf,1,2021-06-01,2026-06-01,1,0.0,0.0,0.0,,,,,
413aEjVLtRggPtF3LWdHqHtDdZ5kYDcv1GktNJ14doPKrguuBx,1,2021-06-01,2026-06-01,1,0.0,0.0,0.0,,,,,
41b9V4EjS2o6vkuRWZtHaXvoC14GyeSWea6izPTWpDugjHxLsA,1,2021-06-01,2026-06-01,1,0.0,0.0,0.0,,,,,
41kjyp4wfiHqnHeegdS1TFXoatHrDxodUXN8ucCLpv9JS1hJDK,1,2021-06-01,2026-06-01,1,0.0,0.0,0.0,,,,,
426ng1r7RmRV8MJKKfswtFFbAGg2q45iW3XqfDCshSRGCibSj7,1,2021-06-01,2026-06-01,1,0.0,0.0,0.0,,,,,
42HPDjeAYbZQjM5dWb7MTdb4mwvfSWXrpcJ2dtoCUKLmX8jNtp,1,2021-06-01,2026-06-01,1,0.0,0.0,0.0,,,,,
42Hc6eq8GaKpz7w9B7tGD1mNWLjbYFq3iSyK5NjNPNif7fgNVS,6,2021-06-01,2026-06-01,1,0.0,0.0,0.0,,,,,
42rVr2UweJV5Q76VNMETKpkdv2YxP8P9N7EZkDZ7hgZhWSYAfz,1,2021-06-01,2026-06-01,1,0.0,0.0,0.0,,,,,
43CTC7gV6wL3bSn549u9KqLBZd19DQNxnmNBTTM7fEkAX4myRp,1,2021-06-01,2026-06-01,1,0.0,0.0,0.0,,,,,
43hpfYSuZ9KGsEvvkW6w2E2HqwTUHGKuR8p8HWnAegUudiA9Tv,1,2021-06-01,2026-06-01,1,0.0,0.0,0.0,,,,,
43kxtVQjVomuLbQTsEvM7zYSmyoNKVa1GxW79vPDr8gUC2Kc7J,1,2021-06-01,2026-06-01,1,0.0,0.0,0.0,,,,,
44PTWQc5tQytSAsWeg8dX31QEagAmtugYKtsxBzZVzuPQELjba,1,2021-06-01,2026-06-01,1,0.0,0.0,0.0,,,,,
44bxoGippBqpgseaiYPFnYgi5J5q58bQKfpQFeGbY9DHmDPD78,1,2021-05-01,2026-05-01,7,3882619997.0,3882619997.0,0.0,8,0.0,True,0.0,0.00
44kLMvr3giJTjVLCaY3SJcuBL7CDcxyohRsuvjaLLKRMk9E11J,1,2021-06-01,2026-06-01,1,0.0,0.0,0.0,,,,,
455DDREMxJTynbseXG2myK25a8tR9fddwFZ5rsC99P4XHvBjHk,1,2021-06-01,2026-06-01,1,0.0,0.0,0.0,,,,,
46Bw7i7S7BD5JWSKqXPDmVmnU2evXQXaL7pxjYYhJMjXybgKxm,1,2021-06-01,2026-06-01,1,0.0,0.0,0.0,,,,,
46DM4hydYgwfHKvrsPKekcRjbu9YRzijyDctDXDcyK68HFzu2v,1,2021-06-01,2026-06-01,1,0.0,0.0,0.0,,,,,
46JDMGJzU2tkDLpRpsuqjTACkJ16bHpFouLehfXYDMmiGxAU2N,1,2021-06-01,2026-06-01,1,0.0,0.0,0.0,,,,,
46iAKejVcN1C41njZjSBDmkVV3fwcnaiiQuunxWuDkPJ6UwN8d,1,2021-06-01,2026-06-01,1,0.0,0.0,0.0,,,,,
47eQpKmN2QbaR4A9bKLFxNQ72jL92dZ1nYDvfxX71JhJYwcRWq,1,2021-06-01,2026-06-01,1,0.0,0.0,0.0,,,,,
47gNbjkXce29YmVsv4t6JMYtSzQtrUBnGDdF1mRH8VqbSWoGRu,1,2021-06-01,2026-06-01,1,0.0,0.0,0.0,,,,,
47iQmG5oHfTJehqyFv9nfYedrLRME7zfxhGdi9xmmZ8VMXwWdo,1,2021-06-01,2026-06-01,1,0.0,0.0,0.0,,,,,
47ir37MvKsD5sY122CNaF6kq9nC7JizU8JRVMEKs8HuiWB5buP,1,2021-06-01,2026-06-01,1,0.0,0.0,0.0,,,,,
47oX3cQM9oDc2CEmsQUJPYj6LqpfhS3cwH3CrCLynBMThBz8rh,1,2021-06-01,2026-06-01,1,0.0,0.0,0.0,,,,,
47rrmk9bGaWKbHYHjb5HYKDKQdMj9sD1mUwwd3r7fBv28oDyTJ,1,2021-06-01,2026-06-01,1,0.0,0.0,0.0,,,,,
47xTHwtFra1d4Mq4DYZuZYJEYrDXY34C4CGkTTzT6eiwjEczuT,1,2021-05-01,2026-05-01,7,400884923.363413,400884923.363413,0.0,1,400883923.363413,True,0.07801,"246,180.84"
48Jtt24x1xZgE3B1RpXSraLFYutg2zZp47zLZzV2vu9zD4hoAZ,1,2021-06-01,2026-06-01,1,0.0,0.0,0.0,,,,,
48NCp8p3HLzGqcLbHnEQuLTkaqEMa1RJkajqNjT76ts9Gjw8R4,1,2021-06-01,2026-06-01,1,0.0,0.0,0.0,,,,,
49Jf5Lr1n6fXv9EvaMNXnNju397VXYqwbsrBZDxcazsVerDpja,1,2021-06-01,2026-06-01,1,0.0,0.0,0.0,,,,,
49SJ6R6T9zo1C5cLVyxbwAuZC3EcDB9a78vSQYm3ZLA2y2eojM,1,2021-05-01,2026-05-01,7,400867316.323026,400867316.323026,0.0,0,400866316.323026,True,0.07800699999999999,"246,171.37"
49T2t9hbBgd1MwKgPU3HTNPqSrUvaK2ixjPQ2Svr4cUkyEPFx7,1,2021-06-01,2026-06-01,1,0.0,0.0,0.0,,,,,
49nNeC9wj9SVC34ZsG2dxo3Fox13QTwanyybDWW2HC5ytATKvL,1,2021-06-01,2026-06-01,1,0.0,0.0,0.0,,,,,
4AJqZPXkd83hjJfwiXmiVph7A7vFEDNbGasYuLF5p1LiG2piK1,1,2021-06-01,2026-06-01,1,0.0,0.0,0.0,,,,,
4AgHnsWT2gnEKYSqJMEzXtEXmKKgRuknXoDJhP2e3sneWisjTD,1,2021-06-01,2026-06-01,1,0.0,0.0,0.0,,,,,
4AqZxXKYM52W3W6ZdKR2LfCME9t178H9VaByZRDEehC8CE3nsT,1,2021-06-01,2026-06-01,1,0.0,0.0,0.0,,,,,
4Atm7FAJnF35XVgQZErwaPukwegvk9YfTnQunaLuN24jBErJak,1,2021-06-01,2026-06-01,1,0.0,0.0,0.0,,,,,
4B14wUTTctZyyiD8XSfT6oMCvcMmYzmzP9me18wi7WQCNCJNNR,1,2021-06-01,2026-06-01,1,0.0,0.0,0.0,,,,,
4B3AttoxpuRWSW5ee9jepiShJpxQmChj6dSrBTN2HhD2T3kyUt,1,2021-06-01,2026-06-01,1,0.0,0.0,0.0,,,,,
4BB71UKu2Ex6xr6DsfRqFbPQSkCiv9XT7PHmTikVn7YNpgC15B,1,2021-06-01,2026-06-01,1,0.0,0.0,0.0,,,,,
4BHU9Fvr1bdQR4japcssssxRn3jzswiFsaen9P8oNRk2XeBuDY,1,2021-06-01,2026-06-01,1,0.0,0.0,0.0,,,,,
4BSxinvHLqJewvX2CMmUVPyXjVCBeMHoK35c2NWKCx8qziKBNY,1,2021-06-01,2026-06-01,1,0.0,0.0,0.0,,,,,
4Bqmyg4nHXgbW89Q3zwLbhTENqeiJUAR4kc1HUAPjAGT2sWuSx,1,2021-06-01,2026-06-01,1,0.0,0.0,0.0,,,,,
4Bw9Pdf68fJ3KHmUN9PZdD6jhy8SZBXWnLt9J8JLer4Arpd9ei,1,2021-06-01,2026-06-01,1,0.0,0.0,0.0,,,,,
4CDWM35jrfR3MsWYRV1JvSrBodHv2RNqEjqt8yMzeN85chJCbD,1,2021-06-01,2026-06-01,1,0.0,0.0,0.0,,,,,
4CMmBqRpnxGi2BQAwDJwE4ABi5pcmXCmB6uw53RPjBf4j5NK41,1,2021-06-01,2026-06-01,1,0.0,0.0,0.0,,,,,
4CfovjmXjXrMZH1E7djvuXFpPA2xz7siAnB6ym5UhNHfz5AWvS,1,2021-06-01,2026-06-01,1,0.0,0.0,0.0,,,,,
4CqVcmNi9F5V53YdJZ9U5sLaqaWt7Uxrf8VYk5WCLDYwbLL62Y,2,2021-05-01,2026-05-01,3,499999999.99399,499999999.99399,0.0,,,,,
4Db1M23wCqCj7wn9KYkCpSykAHeLxQCJ2tjxM5yNtJNXhukoBg,1,2021-06-01,2026-06-01,1,0.0,0.0,0.0,,,,,
4Eukksad77phwTWSBtkQL79Pp2s4e74Scp5JKp7z2KrmvkQFe5,1,2021-06-01,2026-06-01,1,0.0,0.0,0.0,,,,,
4F6tYX39PMFpJEAad7LNkD8AU5c2LaG6Bc8kTgPVdSCgutcAnF,1,2021-06-01,2026-06-01,1,0.0,0.0,0.0,,,,,
4F9eHNc37ZQZZZMmFDiwUQzeB8F8eFk7yaWbggWiHDZgHtgKfY,1,2021-06-01,2026-06-01,1,0.0,0.0,0.0,,,,,
4FA4FCTqY37Vr1medYVA1FWs1bnr5SMetKxEREHZnEfgW9EqiG,1,2021-06-01,2026-06-01,1,0.0,0.0,0.0,,,,,
4FFUHFZ8dNXbywoJ2EnZjhikNZgt96reMLNdKdUhZTu7jAJYsS,1,2021-06-01,2026-06-01,1,0.0,0.0,0.0,,,,,
4FQptVPPTzmCy8AS5raxTcp667MgyfeVwuLf4tfk5dfffmb9Nh,1,2021-06-01,2026-06-01,1,0.0,0.0,0.0,,,,,
4FWwTbNKidMsDzF3bdwvZpc9UtuF3E9jgcWXCGvbGcHm6cRcvY,1,2021-06-01,2026-06-01,1,0.0,0.0,0.0,,,,,
4FpoAMu91KVWqVenLqAxZo6vDiTKmE7EdjERFvfWWv6FC9Goon,1,2021-06-01,2026-06-01,1,0.0,0.0,0.0,,,,,
4FvERgGjrq7pHkVnByBvSBkeogKQeTAVLsyQpZzLTqb15jGfLP,1,2021-06-01,2026-06-01,1,0.0,0.0,0.0,,,,,
4G7zztQHcPAzH7UmaK3Znfgzoi39nkaHdLzhLrsWNHxdQbiCoa,1,2021-06-01,2026-06-01,1,0.0,0.0,0.0,,,,,
4GEfnWoL9uxgkqRs3i3rP7BpZyJ3zo9UTh2W254HnqibDHS2Sj,1,2021-06-01,2026-06-01,1,0.0,0.0,0.0,,,,,
4GuF29ckmmBeQuW2NGu8yWyQxb2adDFU6tz2vS5ZBsF7mTLatH,1,2021-06-01,2026-06-01,1,0.0,0.0,0.0,,,,,
4GyEHJXdo5qFBuvnBzuq76GZ75cCB91QXw4sRoaqBAKWoyU9iH,1,2021-06-01,2026-06-01,1,0.0,0.0,0.0,,,,,
4H4opjyc2wqayNospuQReCVDvgYSdKfHupHnbymJcKWQovYub2,1,2021-06-01,2026-06-01,1,0.0,0.0,0.0,,,,,
4H6yBdtHmcX418GZwox2A2pPKHBdSWwAe5XXWQMPiLfp8GgA6F,1,2021-06-01,2026-06-01,1,0.0,0.0,0.0,,,,,
4HDCQrduhiafcKVq6N7EG5Dp8uQ8HJLcPGn8s6nrEJtxHGktrK,1,2021-06-01,2026-06-01,1,0.0,0.0,0.0,,,,,
4HwzarpKfExsfzubcg5TLjcgN9ZeT72kck4YpEWsdrdXjP8ZqY,1,2021-06-01,2026-06-01,1,0.0,0.0,0.0,,,,,
4J26GRatjCiRuojsR5LSVwxb6MZwkJxZ7YbR812fSgvLjmToKb,1,2021-06-01,2026-06-01,1,0.0,0.0,0.0,,,,,
4J6guM1JUyFizHDtFPbJZhxHX5FnY7Tvxcnd2KgcGsrW17oCX8,1,2021-06-01,2026-06-01,1,0.0,0.0,0.0,,,,,
4JJGNCdRQ2tpFoZFeSrKKqzeJXy6XtLDtgvUam8MrBfy5djVUN,1,2021-06-01,2026-06-01,1,0.0,0.0,0.0,,,,,
4JcmATTXKyozQsYh7yeP3m6AXhFg1zSwAHp7jUHptdKZTQtbbE,1,2021-06-01,2026-06-01,1,0.0,0.0,0.0,,,,,
4JoSnoctkSYeDXb7BANcHHNi7n268TYjFVXqe3r4opssfeY6Pc,1,2021-06-01,2026-06-01,1,0.0,0.0,0.0,,,,,
4Js97JDE5uH92nB4oJT1uXtUTcFWdTMBE44q1umMQADtRYcBnT,1,2021-06-01,2026-06-01,1,0.0,0.0,0.0,,,,,
4K8pCFYbVcshwCGtgBnf5yz7FByakfUaFXks1twZ1d89GMfFAn,1,2021-06-01,2026-06-01,1,0.0,0.0,0.0,,,,,
4KRkSMzfedP8tqMBX5jEXZSHQdGCLH1pzkCMNHwH7s5bKq5XCQ,1,2021-06-01,2026-06-01,1,0.0,0.0,0.0,,,,,
4KxTDMrzen9Fs8gnRzG4tuk6RE3tvc2HemDDchnaR9zXUirH5G,1,2021-06-01,2026-06-01,1,0.0,0.0,0.0,,,,,
4Ky77jDdtjrRbBtTz3Wj6gjooqKdzi7nYeBDAmszWyq1CQASzq,1,2021-06-01,2026-06-01,1,0.0,0.0,0.0,,,,,
4LH62AZmugKXFA2xXZhpoNbt2fFhAn8182kdHgxCu8cyiZGo2c,2,2021-05-01,2026-05-01,3,1240966.112405,1240966.112405,0.0,,,,,
4LXVS29K2Wxas542Ua3oh7zbu6jVS6XhyV1Ztietpgu9C2q2Vw,1,2021-06-01,2026-06-01,1,0.0,0.0,0.0,,,,,
4LjCnJAgKnWjyApK9r8Hrjttn57GH9UnbbBpL4roJ61V33wbzp,1,2021-06-01,2026-06-01,1,0.0,0.0,0.0,,,,,
4LjMYFWBCKVRWPRC8cDfa5BiYhPvyf5ZMVzrqbdtKEFg8koX6T,1,2021-06-01,2026-06-01,1,0.0,0.0,0.0,,,,,
4MEw1LyDcw8jTqDTY38EPG1zV2AYgQP44zR33mbFGCf2g7n1Kp,1,2021-06-01,2026-06-01,1,0.0,0.0,0.0,,,,,
4MLtx6TDkezvHXpZ1UT6jcQXEv4nWyacyneXzevPSAQ7K8JjDA,1,2021-06-01,2026-06-01,1,0.0,0.0,0.0,,,,,
4MPJybKC9Kz7kw9KNyLHhuAEt4ZTxLsd3DBDbxtKdUiv4fXqVN,1,2021-05-01,2026-05-01,7,548980671.825197,548980671.825197,0.0,6,548979671.825197,True,0.106828,"337,123.53"
4MUCuM9pbtiu9wz6Bw7MMVRsNQGnMx7NTDTZUnfjni2BdwLxNj,1,2021-06-01,2026-06-01,1,0.0,0.0,0.0,,,,,
4MWMHCeAsgs9V7gqXE5UtGnzbJF8fiZzmNWvz3AJWj5sn7a2az,1,2021-06-01,2026-06-01,1,0.0,0.0,0.0,,,,,
4MoptRydRhshSBP2QxthVXQ2vvmucMHAjULniUPSUWjjMUHAvz,1,2021-06-01,2026-06-01,1,0.0,0.0,0.0,,,,,
4N1oX7SMkrQrih4VYa96tfy4s43KjTqJJ1NaMQE2MYGKFGn1R5,1,2021-06-01,2026-06-01,1,0.0,0.0,0.0,,,,,
4N3BwjPuJpoMgPdnwWfZfPNwZTQoxA4j8M8dzrjzKq9qYE4SW9,1,2021-06-01,2026-06-01,1,0.0,0.0,0.0,,,,,
4N4gxfDzkeaw9amLotVgakpwPnos9TonMnzkcCJSMfqpdaJoDi,1,2021-06-01,2026-06-01,1,0.0,0.0,0.0,,,,,
4ND1vDB1MDbutivxac1zLMrbGxA5AzM8wpYC4hLGTiALQWwyRD,1,2021-06-01,2026-06-01,1,0.0,0.0,0.0,,,,,
4NnL4hBXgLRKydSR5LYJZJKk6YXeuCdod1X9uNBhuo9ikNA6oP,1,2021-06-01,2026-06-01,1,0.0,0.0,0.0,,,,,
4P2tBG2HJpcSAVXYXJjSVC6yZdn6sisauisYuGJVnMMcKFTvFb,1,2021-06-01,2026-06-01,1,0.0,0.0,0.0,,,,,
4PD7nY8BzcrUYcDCawEgx2D2CQCRDFtyovVQJm5UbXVbEpCfht,1,2021-06-01,2026-06-01,1,0.0,0.0,0.0,,,,,
4PG4RbxMseSr8p6TvYLmj6UTdVpakvGCcMTHR4EKkmyZNphuqB,1,2021-06-01,2026-06-01,1,0.0,0.0,0.0,,,,,
4PgPRbRijFj3jEWFcwKU69aysWB5hVb7u2ii9u7cSfNANQa1xM,1,2021-06-01,2026-06-01,1,0.0,0.0,0.0,,,,,
4Pv5rdxsftyWhHZs4VuY8cWcDFKyWTPVLURSUo4TBvJXdP9pom,1,2021-06-01,2026-06-01,1,0.0,0.0,0.0,,,,,
4PzgBMtTCYfx4YSntJxkjGAgaADNGFS9fAqqM3sri4w2QgPegG,1,2021-06-01,2026-06-01,1,0.0,0.0,0.0,,,,,
4Q6hByYnpTd2oLgxZeWG1x5XboPoPw2TApFMpzJeKfc5MRhTUQ,1,2021-06-01,2026-06-01,1,0.0,0.0,0.0,,,,,
4Q7gEWsXYKJMp85BHK6w8yUxc4QGoepAJbyKCMVaQn2pixqGid,1,2021-06-01,2026-06-01,1,0.0,0.0,0.0,,,,,
4QPJ7wnAMnZXR6hyGq4KCY51vDacNiWFgYiSLEe2oBuLsD9TuB,1,2021-06-01,2026-06-01,1,0.0,0.0,0.0,,,,,
4QQZZZguAAHSf5JLr4jBG7xiRp3UmeQXzVCum6wDnDsXgVcUpf,1,2021-06-01,2026-06-01,1,0.0,0.0,0.0,,,,,
4QbXbpyt1dCopGT9z69j14yZeP2y9APQnpnEgae23cK46ZN9Ws,1,2021-06-01,2026-06-01,1,0.0,0.0,0.0,,,,,
4Qgo54XRa84f8kpAhisqdzXBSp5UxpZ3xYV81aAoAHkkwtghmq,1,2021-06-01,2026-06-01,1,0.0,0.0,0.0,,,,,
4QhY7xHBy3ByPGy676kkFv22hAo1ETXLKJ3uis2Jh7UFexRLsD,1,2021-06-01,2026-06-01,1,0.0,0.0,0.0,,,,,
4QhdAyofhufMDACBgRGJcP1S5RxZRc4LgRngF9QSaVtZSS89uJ,1,2021-06-01,2026-06-01,1,0.0,0.0,0.0,,,,,
4Qi5fVQ46f8WBc6KMmo5m1HW9BSGojAWVRyG12o5aQQ2wQQGbY,1,2021-06-01,2026-06-01,1,0.0,0.0,0.0,,,,,
4QkDsFc22r86cUusXfCKTuT3Sf15vASAyBqyMyDiFQqeHxwUX4,1,2021-06-01,2026-06-01,1,0.0,0.0,0.0,,,,,
4Qxauu4YnZWWjwhnWDn7rRUGPCiMZaaoQyqgiP87uzWeNy6dTs,1,2021-06-01,2026-06-01,1,0.0,0.0,0.0,,,,,
4R3DRDyRLFJkb52aa5BTdShu6pnWWxYfY1xgfEPzvobzyavbTG,1,2021-06-01,2026-06-01,1,0.0,0.0,0.0,,,,,
4RCt8ZKAUEdBQfUgYFGmqJpL6WG1zrMhP1tfFKFAYMSzfqwndi,1,2021-06-01,2026-06-01,1,0.0,0.0,0.0,,,,,
4RGjRnhWZDQQb1Ma1pn6gu1Xe3fy3n7vZD8MeKNG8xUiTeLndN,1,2021-06-01,2026-06-01,1,0.0,0.0,0.0,,,,,
4RLYaKMiYPQ7e6gAqCDLcsG2U3CxSGQjWXzL8j5bTqFaoBUPa1,1,2021-06-01,2026-06-01,1,0.0,0.0,0.0,,,,,
4RXPAomNg8quS6cRGZ4DDVXx2W9jCZNUuoAb3XczytvVLoi4k5,1,2021-06-01,2026-06-01,1,0.0,0.0,0.0,,,,,
4Rcuc4pmqm7Najj3cwVVM4ZzLaRyYvgfpdhkqcLJy79peY1Kxp,1,2021-06-01,2026-06-01,1,0.0,0.0,0.0,,,,,
4RnBuiDK4PYoLsX65NFJg88VTJYsKEUpNEqUoA1rKd4YUCu8Ln,1,2021-06-01,2026-06-01,1,0.0,0.0,0.0,,,,,
4S9rLxtpQyYN9jfVtzzPN7Uof6XiYhhQwLjvDdN4xUeKmxbra3,1,2021-06-01,2026-06-01,1,0.0,0.0,0.0,,,,,
4STEUWfV4WGbZP7HLybDTbVfMnp7pFH3CQsJPMrpCVZEV2wQ6P,1,2021-06-01,2026-06-01,1,0.0,0.0,0.0,,,,,
4SbjBWUM6RYeZAcMjvEPY8f8XvXBzDYFo1S8VKfAtMTUYZ8nn8,1,2021-06-01,2026-06-01,1,0.0,0.0,0.0,,,,,
4SmfpioUE6Fv2rqQR8cvxzmE5maGDJg3QxDECUwBbowLYYxfBA,1,2021-06-01,2026-06-01,1,0.0,0.0,0.0,,,,,
4T3CtL9R4rqxQVAq3zKS2nmhdGVSmUF1nsDabJMepK4HTx5qGL,1,2021-06-01,2026-06-01,1,0.0,0.0,0.0,,,,,
4TSZG5wPCYTJTUq6ZfQFNbJkPeSrDxPnnYkn2yG8FYUG6ZhPN9,1,2021-06-01,2026-06-01,1,0.0,0.0,0.0,,,,,
4TVaDZBApAz3h3LhrMjD4BiVH2MRMPF4kVomjS1BYmyPSPVX7Y,1,2021-06-01,2026-06-01,1,0.0,0.0,0.0,,,,,
4TgJiQNejLv2RpEcgkNb69WmS3WiZaSfvrEZkw5yn5oPQc6pkh,1,2021-06-01,2026-06-01,1,0.0,0.0,0.0,,,,,
4UGskynx3aDAnNk9NV5z8FgjDTzXe3knJmn6QR8QtXuuJebYP2,1,2021-06-01,2026-06-01,1,0.0,0.0,0.0,,,,,
4UaXnA6cBjkNxH2fz6M9DyTMVLXwApw9PhS7A3tkQC92PxWV22,1,2021-06-01,2026-06-01,1,0.0,0.0,0.0,,,,,
4UfKH1CzfirNPAWxUGVJ4faPKNHhPzT74KmC4Xs9g8BAFAqCSx,1,2021-06-01,2026-06-01,1,0.0,0.0,0.0,,,,,
4V1KXjGRZZohTfG3ZD71qzwhKdoHz3caeC4zvbBfvUjjhtmd4q,1,2021-06-01,2026-06-01,1,0.0,0.0,0.0,,,,,
4V5cd9gEcbFfcTWovRGSXbr3WxKu8Cp6HtktX1nNpsn5gJJeDQ,1,2021-06-01,2026-06-01,1,0.0,0.0,0.0,,,,,
4VnjgsLT5eHNLxVcPyHdfB9PYSyqh3VuAQAGS3FErJK3g7DZsj,1,2021-06-01,2026-06-01,1,0.0,0.0,0.0,,,,,
4W2Wnpa7Ee9iyacu6DEsUSuE3xkVQ6i7VokcDLcs1sayWpMqoP,1,2021-06-01,2026-06-01,1,0.0,0.0,0.0,,,,,
4WCZfRHunBkFqu85jcNhVbcBw5riTmcxoUAm8dVo1zTUWSzpkq,1,2021-06-01,2026-06-01,1,0.0,0.0,0.0,,,,,
4WPx2J7FJiNN7o41RwShW2fJsYiV3G9AS5K5rRuJmtCppXj3dq,1,2021-06-01,2026-06-01,1,0.0,0.0,0.0,,,,,
4WQerNurdfYUtKztcrmYz7k4qxJW62y5BYvvq64LtxMb1xw6g7,1,2021-06-01,2026-06-01,1,0.0,0.0,0.0,,,,,
4X2Ye1U5rPsmTbRxQsSeCkA78R5JZmUmPKPtZETrWg7KfA5yQx,1,2021-06-01,2026-06-01,1,0.0,0.0,0.0,,,,,
4X3fJrEZFmeVkLJKHJuwzk8FqrFqSkF73zY3dvmrrpfDsf2CZG,1,2021-06-01,2026-06-01,1,0.0,0.0,0.0,,,,,
4X69sAdWToF1qJWkEzNqp4WH1ch7NEpCvcV3HJZxe2CaWYGrXx,1,2021-06-01,2026-06-01,1,0.0,0.0,0.0,,,,,
4XM6Y31496E63rCy7z7wJHkVURgvZAZjSN7Y7BUw2zPbnG5BM7,1,2021-06-01,2026-06-01,1,0.0,0.0,0.0,,,,,
4XaATRyugnPtRtFp3bwWHdQHf9CTXppFb7VVx2yz9F5SYLui5n,1,2021-06-01,2026-06-01,1,0.0,0.0,0.0,,,,,
4Xb5GPdK6MgkcB8wNPmdnW3LFgWvPSwf9M46ssPVh4eKFChJDw,1,2021-06-01,2026-06-01,1,0.0,0.0,0.0,,,,,
4Xf62r8BX6Jw7UDr28nrSwAjcpnqKUT5mwVqjb7ERVpiGMtfpr,1,2021-06-01,2026-06-01,1,0.0,0.0,0.0,,,,,
4XfaAMUJ5Uukq6eQuj6pQMgqcrutbvpwfWiE2NH7TYDXwNVspr,1,2021-06-01,2026-06-01,1,0.0,0.0,0.0,,,,,
4Y9eZzPchSFargBz9toRNUbhkLEfxrm3tTzt4k6KG3j7vtvrn2,4,2021-06-01,2026-06-01,1,2600.0,2600.0,0.0,19,2600.0,True,0.0,0.00
4YEzvopHaGyxooPWV8ajniGTDu3bM49UAswRJMwZEV4CJtAm7k,1,2021-06-01,2026-06-01,1,0.0,0.0,0.0,,,,,
4Yhi6turkGRFQEgwYCkPMYEbN3pnQ7TVCkLEYMoXU5qyEYxfx6,1,2021-06-01,2026-06-01,1,0.0,0.0,0.0,,,,,
4YxyTPvQJsy33f5dUKjFYJusKRcwFvxFwWGTMdqDteiUruniTw,1,2021-06-01,2026-06-01,1,0.0,0.0,0.0,,,,,
4ZCDGJWxNRPwdJLXweMzhkgPUfBWphxAKsGBbiS2cmuE94UZpU,1,2021-06-01,2026-06-01,1,0.0,0.0,0.0,,,,,
4ZKenjCLF2zCsYHqHBypQM81gXWTHYCkir43wp28tyQVViqmyz,1,2021-06-01,2026-06-01,1,0.0,0.0,0.0,,,,,
4ZeMTZwYiCKGfvwc2a4jynt3Rrp291Fq2KVQHiyDe8AEZPjQbQ,1,2021-06-01,2026-06-01,1,0.0,0.0,0.0,,,,,
4ZekavJTJbxYxo5B1Dq1Phq9r7fo4KUGy7aRoCoxjRkhhE3aYg,1,2021-06-01,2026-06-01,1,0.0,0.0,0.0,,,,,
4ZhDd8CDEPco4RUf3s3juNAU44cfEVwiXeSHGh3UiX7JwNESRa,1,2021-06-01,2026-06-01,1,0.0,0.0,0.0,,,,,
4a1vjh5bTKCUYjBVTHRbwK9NDeEgaxUy431gM5GSeN2Nqwsk9N,1,2021-06-01,2026-06-01,1,0.0,0.0,0.0,,,,,
4aNQqUsmpz5yAfjo1dMfmRn9MfjHHAcfLkCXiwJB5ifH9U3wmr,1,2021-06-01,2026-06-01,1,0.0,0.0,0.0,,,,,
4ad6b6gHXbJcyfPHDdykfCuBQXE1K2PJ3vTmnfTWLZCtJ2Ujmy,1,2021-06-01,2026-06-01,1,0.0,0.0,0.0,,,,,
4afX9tKYdfY4JeGaaMSV88r1HZhKFGRcEBadcP3iinZAfL4no8,1,2021-06-01,2026-06-01,1,0.0,0.0,0.0,,,,,
4b4bVenSM1dSpEChgxJ7y11yf9rdchsAsyaHEi5MEyjz7dCgbc,1,2021-06-01,2026-06-01,1,0.0,0.0,0.0,,,,,
4bJjjs9SyQK3uS7avU3A8oc1kXuffDhJpsT7ttY4mqSnGmcdKY,1,2021-06-01,2026-06-01,1,0.0,0.0,0.0,,,,,
4ba16ZNyTh1AhEbvwJotF3gqaSEi3GMxjfwRLRjZdXbsY3PeAU,1,2021-06-01,2026-06-01,1,0.0,0.0,0.0,,,,,
4bhKc5rUDqBhSpBKhbeHnjNgk4xvxvtUXFFauFxVJsA2vykbBe,1,2021-06-01,2026-06-01,1,0.0,0.0,0.0,,,,,
4bpshrRTgd9h8TvNGAe882jA3i7RaL6p8fx371pmCM8jpubWxo,1,2021-06-01,2026-06-01,1,0.0,0.0,0.0,,,,,
4bx4wAp5pLdcu5edjD4Zbp3GCPVNJMk1weQYdbZdiS1h1bZKzi,1,2021-06-01,2026-06-01,1,0.0,0.0,0.0,,,,,
4bxMd4KqFfbNBg5TFSXnZrumhyQYbDLU9Lngc5aYUDyEfPvQmK,1,2021-06-01,2026-06-01,1,0.0,0.0,0.0,,,,,
4cVyfCBPscq166kWUGyoY74vTirSuDregvvzhiAxVQT5AJDWZ5,1,2021-06-01,2026-06-01,1,0.0,0.0,0.0,,,,,
4cbTBqv5X6VMySVTBvNTrv6XSnRynuwqYN7P9pNuHXpfzfUVcf,1,2021-06-01,2026-06-01,1,0.0,0.0,0.0,,,,,
4d13WVDNKVGDUxRUb1PRQAJyTwWSVcjWS7uwZ1oqmDm5icQEPT,1,2021-05-01,2026-05-01,7,400859809.19565,400859809.19565,0.0,3,400858809.19565,True,0.078006,"246,168.21"
4dQ8BQU389Gc9nVDUpdKqpaSDCXmHVWQTJEZNptY3qsFgovzYj,1,2021-06-01,2026-06-01,1,0.0,0.0,0.0,,,,,
4dRJnr8XLPjp5pctSWrCWb1SodgsQTE2qgcuLa2pWg3VKyKkxj,1,2021-06-01,2026-06-01,1,0.0,0.0,0.0,,,,,
4dd3mP61vKJjpWifQabR77xcKH1ocxLq7wFj5jVQnEGQnuWSR5,1,2021-06-01,2026-06-01,1,0.0,0.0,0.0,,,,,
4e8oiKq2hQKszABiL9zrQbkKwokSqpzwxcZpm6v5G4bZNkR2p5,1,2021-06-01,2026-06-01,1,0.0,0.0,0.0,,,,,
4eK2YGeZAgEqgfkcuuFxymeVBJSLrucjWMvGhdzbCTdy2o5e5t,1,2021-06-01,2026-06-01,1,0.0,0.0,0.0,,,,,
4eUhR7pyTfq4yM6afDo1DHRwXbMwEoLRca9R42V89WTrD2ptrQ,1,2021-06-01,2026-06-01,1,0.0,0.0,0.0,,,,,
4enDPsvh2gP1ZWkjgxa1rk45no4jqGDhqdVPKwn8kVaQNv2qEb,1,2021-06-01,2026-06-01,1,0.0,0.0,0.0,,,,,
4exJ8GEjygiypPXtV6vNN9HzjxtqamumBctcbcnHK61nLX2Y5y,1,2021-06-01,2026-06-01,1,0.0,0.0,0.0,,,,,
4ezgXZJMFYFpqUrCc5tjLKVUUtmoCcqEMp92BT9xm9FPTwXfgk,1,2021-06-01,2026-06-01,1,0.0,0.0,0.0,,,,,
4fMhNbnPaXfq3vmLxsdbVWisBDukXcmgTfpS8QzYrF8MBYAFNV,1,2021-06-01,2026-06-01,1,0.0,0.0,0.0,,,,,
4fYATfEcLRzAKWvqAaXX4BW7bry1JLHg5Nikpn6NhnZhnyUcpr,1,2021-06-01,2026-06-01,1,0.0,0.0,0.0,,,,,
4fsSXTwbPN5dBGp1NMWrMRWFJmxg2KHPXjxv9MxM3JsfzgqXmD,1,2021-06-01,2026-06-01,1,0.0,0.0,0.0,,,,,
4gDMSEmvnW5EZMgTJ9q7uxTd3eTALkNucHApkGMnWrC9NdZWrC,1,2021-06-01,2026-06-01,1,0.0,0.0,0.0,,,,,
4gVo9E87HykgwHQEoSwDz1PHcDrYhEJH72fx4GBWZcDap2PkHQ,1,2021-06-01,2026-06-01,1,0.0,0.0,0.0,,,,,
4goshVS6wArScuT5WpZUdm2iR1FFFrjm5mAeCaC16UZQSDBHan,1,2021-06-01,2026-06-01,1,0.0,0.0,0.0,,,,,
4hjpJo2C78vd4oEQCmJp9YtoyBoMbQDkzK8jWRY7GCZ9V9bUVb,1,2021-06-01,2026-06-01,1,0.0,0.0,0.0,,,,,
4i51vWHHdWFCCcAnfnHe1XM4eFsjMiETWiR6REcE2xTosAzxqN,1,2021-06-01,2026-06-01,1,0.0,0.0,0.0,,,,,
4iBhAz9fymSNoVeucEecW21NdSpSSNFgLeuTVx6dG5aZ9dMMFL,1,2021-06-01,2026-06-01,1,0.0,0.0,0.0,,,,,
4iiwxzwkJgv6YMtivSqLAe9fYgtT9exn8YTqVo9ZUE3bTcxdT9,1,2021-06-01,2026-06-01,1,0.0,0.0,0.0,,,,,
4ixorUGSfzQMXMN9gjrkshhSicoz4aRQTCoZHLHrpgKnUGeh9A,1,2021-06-01,2026-06-01,1,0.0,0.0,0.0,,,,,
4jAHwDN5apLhBt8hnMTyPEMqYFC1RakgMnNWEZKXXpVcXdfqkY,1,2021-06-01,2026-06-01,1,0.0,0.0,0.0,,,,,
4jEA62iCK8pGCe6udkqQajyFWWN6LvFKCNcoEdBUe7bBjsqM7Z,1,2021-06-01,2026-06-01,1,0.0,0.0,0.0,,,,,
4jNo3xgfkt57DGDDXUcxrkCsRsEsNSuDVqdPrYAFW61Ass7kgV,1,2021-06-01,2026-06-01,1,0.0,0.0,0.0,,,,,
4jP6pHHgqtZ6FXHoDnBpg457NWLbZq6pr9XVGXjaAKNjf5579L,1,2021-06-01,2026-06-01,1,0.0,0.0,0.0,,,,,
4jfjMvAtRi85QxWmmmScoeZ6bDEpbFaWUFKNJiDPJsVVmMHB9c,1,2021-06-01,2026-06-01,1,0.0,0.0,0.0,,,,,
4jhENRYSdCcSpmJbhnRyuZd83hrj3KDSKkDuBccmnwJP16g6CQ,1,2021-06-01,2026-06-01,1,0.0,0.0,0.0,,,,,
4jpbLErtPKKbPHuMVdwJ4oCKF3fzEfXeSMyp5JCREvrpUgseag,1,2021-06-01,2026-06-01,1,0.0,0.0,0.0,,,,,
4kAuNMnzvGThrw9ybRH9d6Z1DjWoFaKmYy2aViAdTyRUpH94PJ,1,2021-06-01,2026-06-01,1,0.0,0.0,0.0,,,,,
4kMfDHVvZ8aWu9Wsom5p6oCnP3sbz6jon8LqTH5phDHhkMpE4P,1,2021-06-01,2026-06-01,1,0.0,0.0,0.0,,,,,
4kXxbEJaHgCBqiZAZBxJfaPniDrbGvbemoRmM8AESpVEC4NPhJ,1,2021-06-01,2026-06-01,1,0.0,0.0,0.0,,,,,
4kh3guoRMXdZ6wd9jkugvpAQ6bmMzxQdVcWcRYoYDY5xx98VvR,1,2021-06-01,2026-06-01,1,0.0,0.0,0.0,,,,,
4knSDGF3j7Xv7tUCrq5fPLADwJqFeF2xP3t6X9oLdwkeBWAihB,1,2021-06-01,2026-06-01,1,0.0,0.0,0.0,,,,,
4m2TfHUNLRago1oECsYKiLNdUWmzewSm16SS4JuJwbnogGKYK1,1,2021-06-01,2026-06-01,1,0.0,0.0,0.0,,,,,
4mWyXbfm7bbhZkvQTq87un6sLp6T4vMkKaqxfaE72b7R4mQxUi,1,2021-06-01,2026-06-01,1,0.0,0.0,0.0,,,,,
4mpNBG9SMe5HAURbZcZgqbB2s5xXsCGXSvrFGJ3aD918AtwR29,1,2021-06-01,2026-06-01,1,0.0,0.0,0.0,,,,,
4n5Wv5UuESGBNoswQrTk1GshkxMPqH5TK4y6TKBePRCUrb3o1V,1,2021-06-01,2026-06-01,1,0.0,0.0,0.0,,,,,
4nRpqNxpoyKs8BE6PBgP3iikPAA3azbeUjMfuaRTifdth5816L,1,2021-06-01,2026-06-01,1,0.0,0.0,0.0,,,,,
4nXwCXx1Gny5MujqakKxfoe1QY7vnu26qGFwCbzsvZ7yvczuay,1,2021-06-01,2026-06-01,1,0.0,0.0,0.0,,,,,
4oVq5rr8DYASSGA66FTdG2jQGSXS8LxevQweTY3WRmtKtAJxeF,1,2021-06-01,2026-06-01,1,0.0,0.0,0.0,,,,,
4okmCz5NgkZarMyEqsQkp8BHM9pvxHCrc3y24KBch3iJiuhmvg,1,2021-06-01,2026-06-01,1,0.0,0.0,0.0,,,,,
4onTFyGeMcvvFUAmDskCf4nJ8BU5PomdNK8oH61dg3LXf7DDMX,1,2021-06-01,2026-06-01,1,0.0,0.0,0.0,,,,,
4p3vEjhdRHYQcpicwM5ewxYvMBJ4tH4N43dcAmFUd6UyWACPFn,1,2021-06-01,2026-06-01,1,0.0,0.0,0.0,,,,,
4p5HtbkBP5BtaLFe3SEA9DsXjPheNDopszdF6nPTaxKMeXAsL2,1,2021-06-01,2026-06-01,1,0.0,0.0,0.0,,,,,
4p8REYvXvKLA13ro1PAonzCmxVBxnKDEWaZSFJBb7TrYU58z54,1,2021-06-01,2026-06-01,1,0.0,0.0,0.0,,,,,
4pRwjZhZ4v4BhyQprSJTrHxLodR8ippEWHZjxX1NAGdCBgM1aQ,1,2021-06-01,2026-06-01,1,0.0,0.0,0.0,,,,,
4pT5EUR3kWqLeYHp5EpbVkKU6iR4vCJtyqbp1Zgn3sdqxfXo6b,1,2021-06-01,2026-06-01,1,0.0,0.0,0.0,,,,,
4peF14JAh4cTvHnXSarsXNJN5Ziaz4Qys6pscFGNeV1q1vb2GD,1,2021-06-01,2026-06-01,1,0.0,0.0,0.0,,,,,
4posJBAyE5qjqrhGKC5UPi7oTkyd8AkJwayBe3vH6tAAkfMY7P,1,2021-06-01,2026-06-01,1,0.0,0.0,0.0,,,,,
4q7oubBouRtepGgEfNHrgpHtShLDJe8zybQVNhNsGpYuDV1b8U,1,2021-06-01,2026-06-01,1,0.0,0.0,0.0,,,,,
4qq3ZWsFWY11MDUdjCyiwJKyBgX4E7Ymg2CnhmfGDm8Vrd2jM7,1,2021-06-01,2026-06-01,1,0.0,0.0,0.0,,,,,
4qw1iBnyFxdL7Q6NERCuSPmbkBMsZT3cgB9p3e9KCWimFRj9VR,1,2021-06-01,2026-06-01,1,0.0,0.0,0.0,,,,,
4rTNDoKuh2PxXvt9ARUjJFRmaPcaVJcZLzxCueR8TktyoKZ2pY,1,2021-06-01,2026-06-01,1,0.0,0.0,0.0,,,,,
4rUZLYEfTpgf9cYr3iiTwVqvdBAZrc312QPVmFdUSifY7KY324,1,2021-06-01,2026-06-01,1,0.0,0.0,0.0,,,,,
4rnVjPyY2shzxL3ipuHyfvsAVAoEovNmCgMnXbYEDDB8wxc8xV,1,2021-06-01,2026-06-01,1,0.0,0.0,0.0,,,,,
4rujLwvcxAuBhmCDo5Xsy3LbV8P6z2p3VjpXq1g6QNYZKh8p55,1,2021-06-01,2026-06-01,1,0.0,0.0,0.0,,,,,
4rvpxqMH4mjTdxEGPCd7GFHq9tqk31AsKtceDiNXvcBzBhBuXL,1,2021-06-01,2026-06-01,1,0.0,0.0,0.0,,,,,
4sNbo63vW4Rbf7bgwFqLGTd3nzqbB5nbSzo1sqbGS7YMyBd3ah,1,2021-06-01,2026-06-01,1,0.0,0.0,0.0,,,,,
4st7Lp3Wsz12WRhUaxjzjuw7zoebb1QZTLANNRgQp8NaVppHBP,1,2021-06-01,2026-06-01,1,0.0,0.0,0.0,,,,,
4tDwNiuXjNwXtNgmtSTdcUgRJ3b272MJKaEZFjgxLm6TV9t9Yw,1,2021-06-01,2026-06-01,1,0.0,0.0,0.0,,,,,
4tKLpmpmQpnDvy6r6QihS9onoU1eCegtieYoL8awBiHBZKwfdn,1,2021-06-01,2026-06-01,1,0.0,0.0,0.0,,,,,
